company,square,agent_score,final_score,claim_ids,override_reason
Votigo,A01,4,4,VOTIGO-001;VOTIGO-002;VOTIGO-003;VOTIGO-029,
Votigo,A02,4,4,VOTIGO-012;VOTIGO-023,
Votigo,A03,4,4,VOTIGO-017;VOTIGO-023,
Votigo,A04,4,4,VOTIGO-004;VOTIGO-032;VOTIGO-003,
Votigo,A05,4,4,VOTIGO-003;VOTIGO-004;VOTIGO-025,
Votigo,A06,3,3,VOTIGO-017;VOTIGO-034,
Votigo,A07,4,4,VOTIGO-001;VOTIGO-012;VOTIGO-023,
Votigo,A08,4,4,VOTIGO-006;VOTIGO-003,
Votigo,A09,4,4,VOTIGO-009;VOTIGO-025,
Votigo,A10,3,3,VOTIGO-007,
Votigo,B01,2,2,VOTIGO-010;VOTIGO-012,
Votigo,B02,2,2,VOTIGO-036;VOTIGO-021,
Votigo,B03,2,1,VOTIGO-017;VOTIGO-018;VOTIGO-036,latency evidence is a marketing '<1s' stat for Votigo's own fraud layer; no externally callable decision endpoint (VOTIGO-036 concedes sync evaluation exists only inside hosted flows); 2 unsupported vs peers scored 0-1 for equivalent in-flow evaluation
Votigo,B04,1,1,VOTIGO-019,
Votigo,B05,1,1,VOTIGO-021,
Votigo,B06,2,2,VOTIGO-010;VOTIGO-012,
Votigo,B07,2,2,VOTIGO-018;VOTIGO-033,
Votigo,B08,?,?,,
Votigo,B09,?,?,,
Votigo,B10,?,?,,
Votigo,C01,2,2,VOTIGO-004;VOTIGO-005;VOTIGO-015;VOTIGO-020,
Votigo,C02,2,2,VOTIGO-005,
Votigo,C03,1,1,VOTIGO-004;VOTIGO-029,
Votigo,C04,1,1,VOTIGO-017,
Votigo,C05,?,?,,
Votigo,C06,1,1,VOTIGO-034,
Votigo,C07,?,?,,
Votigo,C08,1,1,VOTIGO-004;VOTIGO-032,
Votigo,C09,?,?,,
Votigo,C10,0,0,VOTIGO-010;VOTIGO-011,
Votigo,D01,?,?,,
Votigo,D02,2,2,VOTIGO-006,
Votigo,D03,?,?,,
Votigo,D04,1,1,VOTIGO-021;VOTIGO-008,
Votigo,D05,2,2,VOTIGO-008,
Votigo,D06,1,1,VOTIGO-006,
Votigo,D07,2,2,VOTIGO-004;VOTIGO-006,
Votigo,D08,1,1,VOTIGO-030,
Votigo,D09,1,1,VOTIGO-006,
Votigo,D10,?,?,,
Votigo,E01,2,2,VOTIGO-008,
Votigo,E02,2,2,VOTIGO-005;VOTIGO-003,
Votigo,E03,1,1,VOTIGO-009,
Votigo,E04,2,2,VOTIGO-015;VOTIGO-018,
Votigo,E05,1,1,VOTIGO-018,
Votigo,E06,?,?,,
Votigo,E07,2,2,VOTIGO-013;VOTIGO-018,
Votigo,E08,2,2,VOTIGO-013;VOTIGO-018,
Votigo,E09,1,1,VOTIGO-019,
Votigo,E10,?,?,,
Votigo,F01,1,1,VOTIGO-033,
Votigo,F02,?,?,,
Votigo,F03,2,2,VOTIGO-006;VOTIGO-021,
Votigo,F04,2,2,VOTIGO-021;VOTIGO-022,
Votigo,F05,1,1,VOTIGO-017,
Votigo,F06,?,?,,
Votigo,F07,2,2,VOTIGO-022,
Votigo,F08,?,?,,
Votigo,F09,1,1,VOTIGO-033,
Votigo,F10,1,1,VOTIGO-014;VOTIGO-022,
Votigo,G01,3,3,VOTIGO-016;VOTIGO-024,
Votigo,G02,2,2,VOTIGO-013;VOTIGO-016,
Votigo,G03,2,2,VOTIGO-016,
Votigo,G04,1,1,VOTIGO-023,
Votigo,G05,1,1,VOTIGO-010,
Votigo,G06,?,?,,
Votigo,G07,?,?,,
Votigo,G08,2,2,VOTIGO-012,
Votigo,G09,2,2,VOTIGO-031;VOTIGO-016,
Votigo,G10,2,2,VOTIGO-013;VOTIGO-014;VOTIGO-030,
Votigo,H01,2,2,VOTIGO-010;VOTIGO-011;VOTIGO-016,
Votigo,H02,1,1,VOTIGO-010,
Votigo,H03,2,2,VOTIGO-012,
Votigo,H04,?,?,,
Votigo,H05,1,1,VOTIGO-010,
Votigo,H06,?,?,,
Votigo,H07,?,?,,
Votigo,H08,?,?,,
Votigo,H09,?,?,,
Votigo,H10,?,?,,
Votigo,I01,2,2,VOTIGO-004;VOTIGO-028,
Votigo,I02,1,1,VOTIGO-016;VOTIGO-011,
Votigo,I03,4,4,VOTIGO-001;VOTIGO-016;VOTIGO-023;VOTIGO-026,
Votigo,I04,1,1,VOTIGO-018,
Votigo,I05,3,3,VOTIGO-003;VOTIGO-023;VOTIGO-025;VOTIGO-026,
Votigo,I06,3,3,VOTIGO-016,
Votigo,I07,3,3,VOTIGO-016;VOTIGO-024;VOTIGO-025;VOTIGO-028,
Votigo,I08,1,1,VOTIGO-028;VOTIGO-035,
Votigo,I09,3,1,VOTIGO-035,direction normalization: agent used 3 to mean LOW integration burden; category convention is intensity (higher=heavier); hosted microsite/iframe model = minimal burden
Votigo,I10,2,2,VOTIGO-016,
Votigo,J01,1,1,VOTIGO-015;VOTIGO-020,
Votigo,J02,1,1,VOTIGO-004;VOTIGO-032,
Votigo,J03,1,1,VOTIGO-032,
Votigo,J04,0,0,VOTIGO-020,
Votigo,J05,0,0,VOTIGO-010;VOTIGO-011,
Votigo,J06,0,0,VOTIGO-012,
Votigo,J07,1,1,VOTIGO-006;VOTIGO-008,
Votigo,J08,0,0,VOTIGO-010;VOTIGO-011,
Votigo,J09,1,1,VOTIGO-032,
Votigo,J10,0,0,VOTIGO-011;VOTIGO-020,
Sweeppea,A01,4,4,SWEEPPEA-004;SWEEPPEA-001;SWEEPPEA-035,
Sweeppea,A02,2,2,SWEEPPEA-041,
Sweeppea,A03,1,1,SWEEPPEA-041;SWEEPPEA-009,
Sweeppea,A04,4,4,SWEEPPEA-005;SWEEPPEA-012,
Sweeppea,A05,3,3,SWEEPPEA-006;SWEEPPEA-013;SWEEPPEA-037,
Sweeppea,A06,4,4,SWEEPPEA-007;SWEEPPEA-014,
Sweeppea,A07,4,4,SWEEPPEA-008;SWEEPPEA-035;SWEEPPEA-038,
Sweeppea,A08,3,3,SWEEPPEA-009;SWEEPPEA-029,
Sweeppea,A09,3,3,SWEEPPEA-010,
Sweeppea,A10,3,3,SWEEPPEA-011,
Sweeppea,B01,1,1,SWEEPPEA-040;SWEEPPEA-017,
Sweeppea,B02,2,2,SWEEPPEA-014;SWEEPPEA-023;SWEEPPEA-007,
Sweeppea,B03,0,0,SWEEPPEA-017;SWEEPPEA-028,
Sweeppea,B04,1,1,SWEEPPEA-014;SWEEPPEA-015,
Sweeppea,B05,1,1,SWEEPPEA-015,
Sweeppea,B06,2,2,SWEEPPEA-008;SWEEPPEA-040,
Sweeppea,B07,2,2,SWEEPPEA-008,
Sweeppea,B08,0,0,SWEEPPEA-017;SWEEPPEA-014,
Sweeppea,B09,0,0,SWEEPPEA-017;SWEEPPEA-039,
Sweeppea,B10,0,0,SWEEPPEA-017;SWEEPPEA-039,
Sweeppea,C01,3,3,SWEEPPEA-012;SWEEPPEA-013;SWEEPPEA-043,
Sweeppea,C02,3,2,SWEEPPEA-012;SWEEPPEA-014,product-type rules limited to alcohol/cannabis/COPPA setup-time guardrails plus a prohibited-category list and human ABC filing service; calibrated to RTM C02=2 whose human coverage (alcohol/pharma/financial) is at least as deep
Sweeppea,C03,2,2,SWEEPPEA-012;SWEEPPEA-007;SWEEPPEA-038,
Sweeppea,C04,1,1,SWEEPPEA-005;SWEEPPEA-012,
Sweeppea,C05,?,?,,
Sweeppea,C06,1,1,SWEEPPEA-036;SWEEPPEA-014,
Sweeppea,C07,1,1,SWEEPPEA-012;SWEEPPEA-014,
Sweeppea,C08,1,1,SWEEPPEA-006;SWEEPPEA-013;SWEEPPEA-037,
Sweeppea,C09,1,1,SWEEPPEA-043,
Sweeppea,C10,1,1,SWEEPPEA-012;SWEEPPEA-014,
Sweeppea,D01,1,1,SWEEPPEA-009;SWEEPPEA-029,
Sweeppea,D02,1,1,SWEEPPEA-029,
Sweeppea,D03,0,0,SWEEPPEA-017;SWEEPPEA-039,
Sweeppea,D04,1,1,SWEEPPEA-008;SWEEPPEA-029,
Sweeppea,D05,0,0,SWEEPPEA-017;SWEEPPEA-016,
Sweeppea,D06,1,1,SWEEPPEA-029,
Sweeppea,D07,2,2,SWEEPPEA-029;SWEEPPEA-027;SWEEPPEA-026,
Sweeppea,D08,1,1,SWEEPPEA-031,
Sweeppea,D09,?,?,,
Sweeppea,D10,1,1,SWEEPPEA-026;SWEEPPEA-030,
Sweeppea,E01,2,2,SWEEPPEA-024;SWEEPPEA-011,
Sweeppea,E02,2,2,SWEEPPEA-022,
Sweeppea,E03,?,?,,
Sweeppea,E04,2,2,SWEEPPEA-021,
Sweeppea,E05,1,1,SWEEPPEA-023,
Sweeppea,E06,?,?,,
Sweeppea,E07,1,1,SWEEPPEA-023,
Sweeppea,E08,2,2,SWEEPPEA-023;SWEEPPEA-008,
Sweeppea,E09,1,1,SWEEPPEA-016;SWEEPPEA-024,
Sweeppea,E10,0,0,SWEEPPEA-018;SWEEPPEA-017,
Sweeppea,F01,1,1,SWEEPPEA-032,
Sweeppea,F02,1,1,SWEEPPEA-032,
Sweeppea,F03,1,1,SWEEPPEA-009,
Sweeppea,F04,1,1,SWEEPPEA-035,
Sweeppea,F05,1,1,SWEEPPEA-004,
Sweeppea,F06,0,0,SWEEPPEA-032;SWEEPPEA-017,
Sweeppea,F07,1,1,SWEEPPEA-009;SWEEPPEA-011,
Sweeppea,F08,0,0,SWEEPPEA-032;SWEEPPEA-017,
Sweeppea,F09,0,0,SWEEPPEA-032;SWEEPPEA-017,
Sweeppea,F10,0,0,SWEEPPEA-032;SWEEPPEA-017,
Sweeppea,G01,2,2,SWEEPPEA-042;SWEEPPEA-026,
Sweeppea,G02,?,?,,
Sweeppea,G03,?,?,,
Sweeppea,G04,0,0,SWEEPPEA-016;SWEEPPEA-017,
Sweeppea,G05,1,1,SWEEPPEA-020;SWEEPPEA-039,
Sweeppea,G06,0,0,SWEEPPEA-017;SWEEPPEA-039,
Sweeppea,G07,1,1,SWEEPPEA-004,
Sweeppea,G08,1,1,SWEEPPEA-019;SWEEPPEA-039,
Sweeppea,G09,1,1,SWEEPPEA-030,
Sweeppea,G10,1,1,SWEEPPEA-030;SWEEPPEA-002,
Sweeppea,H01,3,3,SWEEPPEA-017;SWEEPPEA-016,
Sweeppea,H02,2,2,SWEEPPEA-018;SWEEPPEA-016,
Sweeppea,H03,1,1,SWEEPPEA-019;SWEEPPEA-039,
Sweeppea,H04,1,1,SWEEPPEA-020;SWEEPPEA-039,
Sweeppea,H05,1,1,SWEEPPEA-017;SWEEPPEA-039,
Sweeppea,H06,0,0,SWEEPPEA-039;SWEEPPEA-017,
Sweeppea,H07,1,1,SWEEPPEA-039;SWEEPPEA-030,
Sweeppea,H08,1,1,SWEEPPEA-017,
Sweeppea,H09,2,2,SWEEPPEA-016;SWEEPPEA-026,
Sweeppea,H10,1,1,SWEEPPEA-018,
Sweeppea,I01,2,2,SWEEPPEA-027;SWEEPPEA-006,
Sweeppea,I02,2,2,SWEEPPEA-027;SWEEPPEA-018,
Sweeppea,I03,4,4,SWEEPPEA-025;SWEEPPEA-001,
Sweeppea,I04,0,0,SWEEPPEA-023;SWEEPPEA-017,
Sweeppea,I05,2,2,SWEEPPEA-025;SWEEPPEA-002;SWEEPPEA-003,
Sweeppea,I06,3,3,SWEEPPEA-026;SWEEPPEA-001,
Sweeppea,I07,3,3,SWEEPPEA-037;SWEEPPEA-001,
Sweeppea,I08,1,1,SWEEPPEA-025;SWEEPPEA-037,
Sweeppea,I09,3,1,SWEEPPEA-035;SWEEPPEA-017,direction normalization: agent used 3 to mean LOW integration burden; intensity convention = 1 (hosted pages / turnkey embed)
Sweeppea,I10,4,4,SWEEPPEA-026,
Sweeppea,J01,1,1,SWEEPPEA-014;SWEEPPEA-012,
Sweeppea,J02,0,0,SWEEPPEA-017;SWEEPPEA-016,
Sweeppea,J03,1,1,SWEEPPEA-006;SWEEPPEA-037,
Sweeppea,J04,0,0,SWEEPPEA-012;SWEEPPEA-017,
Sweeppea,J05,0,0,SWEEPPEA-028;SWEEPPEA-017,
Sweeppea,J06,0,0,SWEEPPEA-018;SWEEPPEA-017,
Sweeppea,J07,1,1,SWEEPPEA-029,
Sweeppea,J08,0,0,SWEEPPEA-017;SWEEPPEA-039,
Sweeppea,J09,1,1,SWEEPPEA-014;SWEEPPEA-012,
Sweeppea,J10,0,0,SWEEPPEA-017;SWEEPPEA-016,
Realtime Media,A01,4,4,RTM-001;RTM-002;RTM-023,
Realtime Media,A02,4,4,RTM-002;RTM-006,
Realtime Media,A03,4,4,RTM-017;RTM-012;RTM-020,
Realtime Media,A04,4,4,RTM-003;RTM-004;RTM-019,
Realtime Media,A05,4,4,RTM-003;RTM-019;RTM-033,
Realtime Media,A06,3,3,RTM-005;RTM-030,
Realtime Media,A07,4,4,RTM-002;RTM-028;RTM-030;RTM-035,
Realtime Media,A08,4,4,RTM-006;RTM-007,
Realtime Media,A09,4,4,RTM-008;RTM-027;RTM-029,
Realtime Media,A10,3,3,RTM-007;RTM-024,
Realtime Media,B01,2,2,RTM-009;RTM-011,
Realtime Media,B02,2,2,RTM-037;RTM-017,
Realtime Media,B03,?,?,,
Realtime Media,B04,1,1,RTM-009;RTM-024,
Realtime Media,B05,?,?,,
Realtime Media,B06,2,2,RTM-012;RTM-028,
Realtime Media,B07,2,2,RTM-009;RTM-012,
Realtime Media,B08,?,?,,
Realtime Media,B09,?,?,,
Realtime Media,B10,?,?,,
Realtime Media,C01,2,2,RTM-003;RTM-018,
Realtime Media,C02,2,2,RTM-003,
Realtime Media,C03,1,1,RTM-003;RTM-018,
Realtime Media,C04,1,1,RTM-018,
Realtime Media,C05,?,?,,
Realtime Media,C06,1,1,RTM-018,
Realtime Media,C07,1,1,RTM-016,
Realtime Media,C08,2,2,RTM-019;RTM-003,
Realtime Media,C09,?,?,,
Realtime Media,C10,0,0,RTM-034,
Realtime Media,D01,?,?,,
Realtime Media,D02,1,1,RTM-035;RTM-015,
Realtime Media,D03,?,?,,
Realtime Media,D04,?,?,,
Realtime Media,D05,1,1,RTM-024,
Realtime Media,D06,?,?,,
Realtime Media,D07,1,1,RTM-003;RTM-018,
Realtime Media,D08,?,?,RTM-038,
Realtime Media,D09,?,?,,
Realtime Media,D10,?,?,,
Realtime Media,E01,2,2,RTM-033;RTM-024,
Realtime Media,E02,1,1,RTM-024,
Realtime Media,E03,1,1,RTM-024;RTM-027,
Realtime Media,E04,1,1,RTM-033,
Realtime Media,E05,2,2,RTM-014;RTM-015,
Realtime Media,E06,?,?,,
Realtime Media,E07,3,3,RTM-014;RTM-015,
Realtime Media,E08,2,2,RTM-014;RTM-015,
Realtime Media,E09,1,1,RTM-024;RTM-006,
Realtime Media,E10,?,?,,
Realtime Media,F01,1,1,RTM-011,
Realtime Media,F02,1,1,RTM-009,
Realtime Media,F03,2,2,RTM-007;RTM-027,
Realtime Media,F04,1,1,RTM-012;RTM-027,
Realtime Media,F05,1,1,RTM-027,
Realtime Media,F06,?,?,,
Realtime Media,F07,2,2,RTM-027;RTM-024,
Realtime Media,F08,?,?,,
Realtime Media,F09,2,2,RTM-008;RTM-029,
Realtime Media,F10,2,2,RTM-011;RTM-012,
Realtime Media,G01,2,2,RTM-025;RTM-020,
Realtime Media,G02,?,?,,
Realtime Media,G03,?,?,,
Realtime Media,G04,1,1,RTM-003;RTM-033,
Realtime Media,G05,1,1,RTM-025,
Realtime Media,G06,?,?,,
Realtime Media,G07,1,1,RTM-033;RTM-031,
Realtime Media,G08,?,?,,
Realtime Media,G09,?,?,,
Realtime Media,G10,3,3,RTM-013;RTM-022;RTM-036,
Realtime Media,H01,2,2,RTM-009;RTM-010;RTM-011,
Realtime Media,H02,?,?,,
Realtime Media,H03,?,?,,
Realtime Media,H04,?,?,,
Realtime Media,H05,?,?,,
Realtime Media,H06,?,?,,
Realtime Media,H07,0,0,RTM-010,
Realtime Media,H08,?,?,,
Realtime Media,H09,?,?,RTM-011,
Realtime Media,H10,0,0,RTM-034;RTM-011,
Realtime Media,I01,2,2,RTM-003;RTM-004,
Realtime Media,I02,1,1,RTM-011,
Realtime Media,I03,4,4,RTM-001;RTM-025;RTM-031,
Realtime Media,I04,1,1,RTM-014,
Realtime Media,I05,4,4,RTM-002;RTM-022;RTM-027,
Realtime Media,I06,0,0,RTM-026;RTM-034,
Realtime Media,I07,4,4,RTM-001;RTM-019;RTM-031,
Realtime Media,I08,1,1,RTM-011;RTM-026,
Realtime Media,I09,2,2,RTM-011;RTM-030,
Realtime Media,I10,1,1,RTM-026;RTM-033,
Realtime Media,J01,1,1,RTM-003;RTM-016,
Realtime Media,J02,1,1,RTM-004;RTM-019,
Realtime Media,J03,2,2,RTM-019;RTM-003,
Realtime Media,J04,1,1,RTM-016,
Realtime Media,J05,0,0,RTM-009;RTM-034,
Realtime Media,J06,?,?,,
Realtime Media,J07,1,1,RTM-024;RTM-003,
Realtime Media,J08,?,?,,
Realtime Media,J09,1,1,RTM-004;RTM-033,
Realtime Media,J10,0,0,RTM-034;RTM-003,
ShortStack,A01,4,4,SHORTSTACK-001;SHORTSTACK-007;SHORTSTACK-014,
ShortStack,A02,4,4,SHORTSTACK-001;SHORTSTACK-007;SHORTSTACK-016,
ShortStack,A03,3,3,SHORTSTACK-013;SHORTSTACK-032;SHORTSTACK-007,
ShortStack,A04,2,2,SHORTSTACK-003;SHORTSTACK-030,
ShortStack,A05,1,1,SHORTSTACK-003;SHORTSTACK-017;SHORTSTACK-014,
ShortStack,A06,1,1,SHORTSTACK-031,
ShortStack,A07,4,4,SHORTSTACK-018;SHORTSTACK-010;SHORTSTACK-008;SHORTSTACK-019,
ShortStack,A08,3,3,SHORTSTACK-016;SHORTSTACK-013;SHORTSTACK-032,
ShortStack,A09,1,1,SHORTSTACK-021;SHORTSTACK-032;SHORTSTACK-031,
ShortStack,A10,0,0,SHORTSTACK-031,
ShortStack,B01,1,1,SHORTSTACK-008;SHORTSTACK-009,
ShortStack,B02,1,1,SHORTSTACK-010;SHORTSTACK-012;SHORTSTACK-013,
ShortStack,B03,0,0,SHORTSTACK-008;SHORTSTACK-031,
ShortStack,B04,1,1,SHORTSTACK-012;SHORTSTACK-015,
ShortStack,B05,1,1,SHORTSTACK-012,
ShortStack,B06,2,2,SHORTSTACK-008;SHORTSTACK-018;SHORTSTACK-027,
ShortStack,B07,1,1,SHORTSTACK-010;SHORTSTACK-023,
ShortStack,B08,0,0,SHORTSTACK-010;SHORTSTACK-012,
ShortStack,B09,1,1,SHORTSTACK-033,
ShortStack,B10,0,0,SHORTSTACK-012;SHORTSTACK-031,
ShortStack,C01,2,2,SHORTSTACK-003;SHORTSTACK-010,
ShortStack,C02,1,1,SHORTSTACK-003;SHORTSTACK-017,
ShortStack,C03,0,0,SHORTSTACK-003;SHORTSTACK-031,
ShortStack,C04,1,1,SHORTSTACK-003;SHORTSTACK-013;SHORTSTACK-033,
ShortStack,C05,?,?,,
ShortStack,C06,0,0,SHORTSTACK-030;SHORTSTACK-031,
ShortStack,C07,0,0,SHORTSTACK-031,
ShortStack,C08,1,1,SHORTSTACK-014;SHORTSTACK-015,
ShortStack,C09,0,0,SHORTSTACK-003,
ShortStack,C10,0,0,SHORTSTACK-003;SHORTSTACK-031,
ShortStack,D01,1,1,SHORTSTACK-008;SHORTSTACK-018,
ShortStack,D02,1,1,SHORTSTACK-018;SHORTSTACK-012,
ShortStack,D03,0,0,SHORTSTACK-031,
ShortStack,D04,2,2,SHORTSTACK-018;SHORTSTACK-009,
ShortStack,D05,?,?,,
ShortStack,D06,1,1,SHORTSTACK-018;SHORTSTACK-008,
ShortStack,D07,1,1,SHORTSTACK-019;SHORTSTACK-008,
ShortStack,D08,1,1,SHORTSTACK-005;SHORTSTACK-007,
ShortStack,D09,1,1,SHORTSTACK-009,
ShortStack,D10,1,1,SHORTSTACK-005,
ShortStack,E01,0,0,SHORTSTACK-031,
ShortStack,E02,1,1,SHORTSTACK-011,
ShortStack,E03,0,0,SHORTSTACK-031,
ShortStack,E04,2,2,SHORTSTACK-010;SHORTSTACK-018,
ShortStack,E05,1,1,SHORTSTACK-022,
ShortStack,E06,?,?,,
ShortStack,E07,1,1,SHORTSTACK-002;SHORTSTACK-012,
ShortStack,E08,2,2,SHORTSTACK-010;SHORTSTACK-012;SHORTSTACK-019,
ShortStack,E09,1,1,SHORTSTACK-015;SHORTSTACK-018,
ShortStack,E10,1,1,SHORTSTACK-002;SHORTSTACK-009,
ShortStack,F01,1,1,SHORTSTACK-023,
ShortStack,F02,1,1,SHORTSTACK-023,
ShortStack,F03,2,2,SHORTSTACK-021,
ShortStack,F04,2,2,SHORTSTACK-021;SHORTSTACK-032,
ShortStack,F05,?,?,,
ShortStack,F06,0,0,SHORTSTACK-023;SHORTSTACK-031,
ShortStack,F07,2,2,SHORTSTACK-021,
ShortStack,F08,0,0,SHORTSTACK-023;SHORTSTACK-031,
ShortStack,F09,0,0,SHORTSTACK-023;SHORTSTACK-031,
ShortStack,F10,1,1,SHORTSTACK-009,
ShortStack,G01,3,3,SHORTSTACK-006;SHORTSTACK-015,
ShortStack,G02,3,3,SHORTSTACK-015;SHORTSTACK-007,
ShortStack,G03,?,?,,
ShortStack,G04,2,2,SHORTSTACK-015;SHORTSTACK-014,
ShortStack,G05,1,1,SHORTSTACK-033,
ShortStack,G06,1,1,SHORTSTACK-033,
ShortStack,G07,1,1,SHORTSTACK-015;SHORTSTACK-033,
ShortStack,G08,2,2,SHORTSTACK-009,
ShortStack,G09,1,1,SHORTSTACK-007;SHORTSTACK-026,
ShortStack,G10,2,2,SHORTSTACK-005;SHORTSTACK-004,
ShortStack,H01,2,2,SHORTSTACK-008,
ShortStack,H02,0,0,SHORTSTACK-008,
ShortStack,H03,2,2,SHORTSTACK-009,
ShortStack,H04,1,1,SHORTSTACK-007;SHORTSTACK-033,
ShortStack,H05,?,?,,
ShortStack,H06,?,?,,
ShortStack,H07,?,?,,
ShortStack,H08,?,?,,
ShortStack,H09,1,1,SHORTSTACK-019;SHORTSTACK-015,
ShortStack,H10,0,0,SHORTSTACK-008;SHORTSTACK-031,
ShortStack,I01,1,1,SHORTSTACK-014;SHORTSTACK-017,
ShortStack,I02,1,1,SHORTSTACK-027;SHORTSTACK-008,
ShortStack,I03,4,4,SHORTSTACK-001;SHORTSTACK-022;SHORTSTACK-025,
ShortStack,I04,1,1,SHORTSTACK-002,
ShortStack,I05,2,2,SHORTSTACK-001;SHORTSTACK-014;SHORTSTACK-025,
ShortStack,I06,4,4,SHORTSTACK-007;SHORTSTACK-001,
ShortStack,I07,1,1,SHORTSTACK-006,
ShortStack,I08,1,1,SHORTSTACK-025;SHORTSTACK-019,
ShortStack,I09,1,1,SHORTSTACK-001;SHORTSTACK-027,
ShortStack,I10,3,3,SHORTSTACK-007,
ShortStack,J01,1,1,SHORTSTACK-003,
ShortStack,J02,1,1,SHORTSTACK-015;SHORTSTACK-014,
ShortStack,J03,1,1,SHORTSTACK-014;SHORTSTACK-015,
ShortStack,J04,0,0,SHORTSTACK-031,
ShortStack,J05,0,0,SHORTSTACK-008;SHORTSTACK-031,
ShortStack,J06,0,0,SHORTSTACK-002;SHORTSTACK-031,
ShortStack,J07,1,1,SHORTSTACK-018;SHORTSTACK-012,
ShortStack,J08,0,0,SHORTSTACK-012;SHORTSTACK-031,
ShortStack,J09,1,1,SHORTSTACK-003;SHORTSTACK-011,
ShortStack,J10,0,0,SHORTSTACK-031,
ViralSweep,A01,4,4,VIRALSWEEP-001;VIRALSWEEP-005;VIRALSWEEP-013;VIRALSWEEP-036,
ViralSweep,A02,4,4,VIRALSWEEP-001;VIRALSWEEP-002;VIRALSWEEP-036,
ViralSweep,A03,3,3,VIRALSWEEP-010,
ViralSweep,A04,2,2,VIRALSWEEP-013;VIRALSWEEP-014,
ViralSweep,A05,3,3,VIRALSWEEP-014;VIRALSWEEP-015;VIRALSWEEP-016;VIRALSWEEP-017;VIRALSWEEP-034,
ViralSweep,A06,2,2,VIRALSWEEP-015;VIRALSWEEP-026;VIRALSWEEP-034;VIRALSWEEP-037,
ViralSweep,A07,4,4,VIRALSWEEP-005;VIRALSWEEP-009;VIRALSWEEP-019;VIRALSWEEP-022;VIRALSWEEP-036,
ViralSweep,A08,3,3,VIRALSWEEP-011;VIRALSWEEP-012;VIRALSWEEP-015;VIRALSWEEP-040,
ViralSweep,A09,2,2,VIRALSWEEP-015,
ViralSweep,A10,2,2,VIRALSWEEP-015;VIRALSWEEP-034,
ViralSweep,B01,1,1,VIRALSWEEP-005;VIRALSWEEP-007;VIRALSWEEP-024,
ViralSweep,B02,1,1,VIRALSWEEP-008;VIRALSWEEP-009;VIRALSWEEP-022,
ViralSweep,B03,0,0,VIRALSWEEP-025,
ViralSweep,B04,1,1,VIRALSWEEP-005;VIRALSWEEP-008,
ViralSweep,B05,1,1,VIRALSWEEP-009;VIRALSWEEP-011,
ViralSweep,B06,2,2,VIRALSWEEP-005;VIRALSWEEP-022;VIRALSWEEP-024,
ViralSweep,B07,2,2,VIRALSWEEP-003;VIRALSWEEP-005;VIRALSWEEP-009,
ViralSweep,B08,0,0,VIRALSWEEP-036,
ViralSweep,B09,1,1,VIRALSWEEP-003;VIRALSWEEP-019,
ViralSweep,B10,0,0,VIRALSWEEP-036,
ViralSweep,C01,1,1,VIRALSWEEP-008;VIRALSWEEP-013;VIRALSWEEP-039,
ViralSweep,C02,0,0,VIRALSWEEP-017;VIRALSWEEP-034,
ViralSweep,C03,0,0,VIRALSWEEP-017;VIRALSWEEP-036,
ViralSweep,C04,1,1,VIRALSWEEP-005;VIRALSWEEP-013,
ViralSweep,C05,1,1,VIRALSWEEP-005,
ViralSweep,C06,1,1,VIRALSWEEP-015;VIRALSWEEP-039,
ViralSweep,C07,0,0,VIRALSWEEP-036,
ViralSweep,C08,1,1,VIRALSWEEP-014;VIRALSWEEP-015,
ViralSweep,C09,0,0,VIRALSWEEP-013,
ViralSweep,C10,0,0,VIRALSWEEP-013;VIRALSWEEP-036,
ViralSweep,D01,1,1,VIRALSWEEP-005;VIRALSWEEP-036,
ViralSweep,D02,1,1,VIRALSWEEP-005;VIRALSWEEP-007,
ViralSweep,D03,0,0,VIRALSWEEP-014;VIRALSWEEP-036,
ViralSweep,D04,2,2,VIRALSWEEP-005;VIRALSWEEP-007;VIRALSWEEP-018,
ViralSweep,D05,1,1,VIRALSWEEP-009,
ViralSweep,D06,1,1,VIRALSWEEP-005;VIRALSWEEP-011,
ViralSweep,D07,1,1,VIRALSWEEP-011;VIRALSWEEP-015,
ViralSweep,D08,1,1,VIRALSWEEP-018;VIRALSWEEP-019,
ViralSweep,D09,0,0,VIRALSWEEP-019;VIRALSWEEP-036,
ViralSweep,D10,0,0,VIRALSWEEP-036,
ViralSweep,E01,1,1,VIRALSWEEP-023,
ViralSweep,E02,1,1,VIRALSWEEP-013;VIRALSWEEP-022,
ViralSweep,E03,1,1,VIRALSWEEP-022;VIRALSWEEP-028,
ViralSweep,E04,2,2,VIRALSWEEP-008,
ViralSweep,E05,?,?,,
ViralSweep,E06,0,0,VIRALSWEEP-008,
ViralSweep,E07,2,2,VIRALSWEEP-009;VIRALSWEEP-011,
ViralSweep,E08,2,2,VIRALSWEEP-009;VIRALSWEEP-023;VIRALSWEEP-036,
ViralSweep,E09,1,1,VIRALSWEEP-009,
ViralSweep,E10,1,1,VIRALSWEEP-022,
ViralSweep,F01,1,1,VIRALSWEEP-005,
ViralSweep,F02,1,1,VIRALSWEEP-005,
ViralSweep,F03,1,1,VIRALSWEEP-010;VIRALSWEEP-011,
ViralSweep,F04,2,2,VIRALSWEEP-025,
ViralSweep,F05,1,1,VIRALSWEEP-005,
ViralSweep,F06,0,0,VIRALSWEEP-005;VIRALSWEEP-036,
ViralSweep,F07,1,1,VIRALSWEEP-010,
ViralSweep,F08,0,0,VIRALSWEEP-005;VIRALSWEEP-036,
ViralSweep,F09,0,0,VIRALSWEEP-005;VIRALSWEEP-036,
ViralSweep,F10,0,0,VIRALSWEEP-005;VIRALSWEEP-036,
ViralSweep,G01,3,2,VIRALSWEEP-003;VIRALSWEEP-021,multi-brand real but capped at 6 brands with a two-role model and no per-promotion permissions; materially below Votigo/ShortStack multi-brand implementations scored 3
ViralSweep,G02,1,1,VIRALSWEEP-020,
ViralSweep,G03,?,?,,
ViralSweep,G04,0,0,VIRALSWEEP-014;VIRALSWEEP-036,
ViralSweep,G05,1,1,VIRALSWEEP-019,
ViralSweep,G06,0,0,VIRALSWEEP-036,
ViralSweep,G07,0,0,VIRALSWEEP-036,
ViralSweep,G08,2,2,VIRALSWEEP-007;VIRALSWEEP-035,
ViralSweep,G09,0,0,VIRALSWEEP-017,
ViralSweep,G10,1,1,VIRALSWEEP-016;VIRALSWEEP-032;VIRALSWEEP-033,
ViralSweep,H01,2,2,VIRALSWEEP-004;VIRALSWEEP-005;VIRALSWEEP-038,
ViralSweep,H02,0,0,VIRALSWEEP-005,
ViralSweep,H03,2,2,VIRALSWEEP-007,
ViralSweep,H04,0,0,VIRALSWEEP-006;VIRALSWEEP-019,
ViralSweep,H05,0,0,VIRALSWEEP-005;VIRALSWEEP-006,
ViralSweep,H06,?,?,,
ViralSweep,H07,0,0,VIRALSWEEP-006,
ViralSweep,H08,?,?,,
ViralSweep,H09,1,1,VIRALSWEEP-011;VIRALSWEEP-013,
ViralSweep,H10,0,0,VIRALSWEEP-005,
ViralSweep,I01,1,1,VIRALSWEEP-015;VIRALSWEEP-016,
ViralSweep,I02,1,1,VIRALSWEEP-004,
ViralSweep,I03,4,4,VIRALSWEEP-001;VIRALSWEEP-002;VIRALSWEEP-003,
ViralSweep,I04,0,0,VIRALSWEEP-001;VIRALSWEEP-036,
ViralSweep,I05,2,2,VIRALSWEEP-030;VIRALSWEEP-031,
ViralSweep,I06,4,4,VIRALSWEEP-003;VIRALSWEEP-029,
ViralSweep,I07,2,2,VIRALSWEEP-003;VIRALSWEEP-015;VIRALSWEEP-016,
ViralSweep,I08,1,1,VIRALSWEEP-011;VIRALSWEEP-029,
ViralSweep,I09,1,1,VIRALSWEEP-002;VIRALSWEEP-035,
ViralSweep,I10,3,3,VIRALSWEEP-003,
ViralSweep,J01,1,1,VIRALSWEEP-008;VIRALSWEEP-013,
ViralSweep,J02,1,1,VIRALSWEEP-014;VIRALSWEEP-015,
ViralSweep,J03,1,1,VIRALSWEEP-014;VIRALSWEEP-015;VIRALSWEEP-017,
ViralSweep,J04,0,0,VIRALSWEEP-036,
ViralSweep,J05,0,0,VIRALSWEEP-005,
ViralSweep,J06,0,0,VIRALSWEEP-036,
ViralSweep,J07,0,0,VIRALSWEEP-019;VIRALSWEEP-036,
ViralSweep,J08,0,0,VIRALSWEEP-036,
ViralSweep,J09,1,1,VIRALSWEEP-013,
ViralSweep,J10,0,0,VIRALSWEEP-036,
Talon.One,A01,0,0,TALONONE-017,
Talon.One,A02,0,0,,
Talon.One,A03,1,1,TALONONE-017;TALONONE-007,
Talon.One,A04,0,0,,
Talon.One,A05,0,0,,
Talon.One,A06,0,0,,
Talon.One,A07,1,1,TALONONE-009,
Talon.One,A08,0,0,TALONONE-017,
Talon.One,A09,1,1,TALONONE-017,
Talon.One,A10,0,0,,
Talon.One,B01,4,4,TALONONE-006;TALONONE-009,
Talon.One,B02,4,4,TALONONE-006;TALONONE-005,
Talon.One,B03,3,3,TALONONE-022;TALONONE-002;TALONONE-021,
Talon.One,B04,2,2,TALONONE-007;TALONONE-008,
Talon.One,B05,3,3,TALONONE-008,
Talon.One,B06,4,4,TALONONE-004;TALONONE-009,
Talon.One,B07,4,4,TALONONE-009;TALONONE-016;TALONONE-041,
Talon.One,B08,3,3,TALONONE-014,
Talon.One,B09,3,3,TALONONE-010;TALONONE-013;TALONONE-026,
Talon.One,B10,1,1,TALONONE-036;TALONONE-010,
Talon.One,C01,1,1,TALONONE-027;TALONONE-034,
Talon.One,C02,1,1,TALONONE-014;TALONONE-004,
Talon.One,C03,0,1,TALONONE-034,consistency: Voucherify scored 1 for generic action-scoped rule mechanics without legal semantics; Talon.One rules scope to session/event action types identically (TALONONE-004/-014)
Talon.One,C04,2,2,TALONONE-040;TALONONE-010;TALONONE-013,
Talon.One,C05,2,2,TALONONE-039;TALONONE-011;TALONONE-013,
Talon.One,C06,0,0,TALONONE-034,
Talon.One,C07,2,2,TALONONE-010;TALONONE-013;TALONONE-042,
Talon.One,C08,1,1,TALONONE-013,
Talon.One,C09,0,0,TALONONE-034,
Talon.One,C10,0,0,TALONONE-028;TALONONE-034,
Talon.One,D01,1,2,TALONONE-012,sessions/events are stable-ID entities with per-event effect records in documented Sessions/Events views (TALONONE-036); parity with Open Loyalty execution-record D01=2; immutability unclaimed at all vendors
Talon.One,D02,3,3,TALONONE-012;TALONONE-036,
Talon.One,D03,2,2,TALONONE-006;TALONONE-039,
Talon.One,D04,3,3,TALONONE-012;TALONONE-036,
Talon.One,D05,2,2,TALONONE-011;TALONONE-013,
Talon.One,D06,2,2,TALONONE-036;TALONONE-012;TALONONE-039,
Talon.One,D07,1,1,TALONONE-029,
Talon.One,D08,2,2,TALONONE-021,
Talon.One,D09,?,?,,
Talon.One,D10,2,2,TALONONE-011;TALONONE-012,
Talon.One,E01,0,0,TALONONE-034,
Talon.One,E02,0,0,TALONONE-034,
Talon.One,E03,0,0,TALONONE-034,
Talon.One,E04,1,1,TALONONE-009;TALONONE-014,
Talon.One,E05,1,1,TALONONE-033,
Talon.One,E06,0,0,TALONONE-034,
Talon.One,E07,1,1,TALONONE-033;TALONONE-015,
Talon.One,E08,1,1,TALONONE-008;TALONONE-033,
Talon.One,E09,0,0,TALONONE-033,
Talon.One,E10,1,1,TALONONE-022,
Talon.One,F01,4,4,TALONONE-016,
Talon.One,F02,3,3,TALONONE-016;TALONONE-029,
Talon.One,F03,2,2,TALONONE-006;TALONONE-016,
Talon.One,F04,3,3,TALONONE-015;TALONONE-007,
Talon.One,F05,4,4,TALONONE-016;TALONONE-007,
Talon.One,F06,2,2,TALONONE-016,
Talon.One,F07,3,3,TALONONE-008;TALONONE-015;TALONONE-041,
Talon.One,F08,2,2,TALONONE-029;TALONONE-016,
Talon.One,F09,2,2,TALONONE-016;TALONONE-017,
Talon.One,F10,2,2,TALONONE-025;TALONONE-029;TALONONE-022,
Talon.One,G01,3,3,TALONONE-027,
Talon.One,G02,3,3,TALONONE-018,
Talon.One,G03,3,3,TALONONE-019,
Talon.One,G04,2,2,TALONONE-013;TALONONE-018,
Talon.One,G05,3,3,TALONONE-026;TALONONE-030,
Talon.One,G06,3,3,TALONONE-010;TALONONE-013;TALONONE-026,
Talon.One,G07,3,3,TALONONE-013;TALONONE-011;TALONONE-028,
Talon.One,G08,3,3,TALONONE-025;TALONONE-007,
Talon.One,G09,2,2,TALONONE-030;TALONONE-021;TALONONE-022,
Talon.One,G10,3,3,TALONONE-020;TALONONE-021,
Talon.One,H01,4,4,TALONONE-006;TALONONE-023;TALONONE-038,
Talon.One,H02,3,3,TALONONE-038,
Talon.One,H03,3,3,TALONONE-025;TALONONE-007,
Talon.One,H04,3,3,TALONONE-026;TALONONE-022,
Talon.One,H05,2,2,TALONONE-038,
Talon.One,H06,2,1,TALONONE-024;TALONONE-010;TALONONE-025,"Idempotency-Key on one endpoint only, shipped 2026-03 as explicit first step (TALONONE-024); minimal, parity with Voucherify=1 (session locks only)"
Talon.One,H07,2,2,TALONONE-023;TALONONE-037,
Talon.One,H08,3,3,TALONONE-012;TALONONE-036,
Talon.One,H09,2,2,TALONONE-023;TALONONE-039;TALONONE-029,
Talon.One,H10,1,1,TALONONE-023,
Talon.One,I01,0,0,TALONONE-030,
Talon.One,I02,3,3,TALONONE-022;TALONONE-032;TALONONE-038,
Talon.One,I03,4,4,TALONONE-001;TALONONE-030,
Talon.One,I04,1,1,TALONONE-033,
Talon.One,I05,4,4,TALONONE-002;TALONONE-003,
Talon.One,I06,1,1,TALONONE-030,
Talon.One,I07,2,2,TALONONE-030;TALONONE-032,
Talon.One,I08,3,3,TALONONE-016;TALONONE-009;TALONONE-032,
Talon.One,I09,3,3,TALONONE-009;TALONONE-032;TALONONE-037,
Talon.One,I10,1,1,TALONONE-030;TALONONE-031,
Talon.One,J01,1,1,TALONONE-004;TALONONE-005;TALONONE-028,
Talon.One,J02,1,1,TALONONE-013,
Talon.One,J03,0,1,TALONONE-013;TALONONE-018,verified: finalization is permission-gated with Request Finalization flow (TALONONE-013); configurable approver-analog substrate identical in class to Voucherify approval requests scored J03=1; neither has counsel semantics
Talon.One,J04,1,1,TALONONE-010;TALONONE-042,
Talon.One,J05,2,2,TALONONE-006;TALONONE-008;TALONONE-027,
Talon.One,J06,1,1,TALONONE-022,
Talon.One,J07,1,1,TALONONE-012;TALONONE-036,
Talon.One,J08,1,1,TALONONE-008;TALONONE-036;TALONONE-010,
Talon.One,J09,1,1,TALONONE-028,
Talon.One,J10,1,1,TALONONE-013;TALONONE-011;TALONONE-026,
Voucherify,A01,0,0,VOUCHERIFY-016;VOUCHERIFY-034,
Voucherify,A02,0,0,VOUCHERIFY-016;VOUCHERIFY-034,
Voucherify,A03,1,1,VOUCHERIFY-034,
Voucherify,A04,0,0,VOUCHERIFY-003;VOUCHERIFY-016,
Voucherify,A05,0,0,VOUCHERIFY-003;VOUCHERIFY-016,
Voucherify,A06,0,0,VOUCHERIFY-003;VOUCHERIFY-016,
Voucherify,A07,1,1,VOUCHERIFY-006;VOUCHERIFY-024,
Voucherify,A08,0,0,VOUCHERIFY-016;VOUCHERIFY-034,
Voucherify,A09,1,1,VOUCHERIFY-025;VOUCHERIFY-027,
Voucherify,A10,0,0,VOUCHERIFY-003,
Voucherify,B01,4,4,VOUCHERIFY-006;VOUCHERIFY-007;VOUCHERIFY-008,
Voucherify,B02,4,4,VOUCHERIFY-008;VOUCHERIFY-020,
Voucherify,B03,3,3,VOUCHERIFY-002;VOUCHERIFY-022;VOUCHERIFY-023;VOUCHERIFY-037,
Voucherify,B04,2,2,VOUCHERIFY-008;VOUCHERIFY-010,
Voucherify,B05,3,3,VOUCHERIFY-005;VOUCHERIFY-008;VOUCHERIFY-010,
Voucherify,B06,4,4,VOUCHERIFY-004;VOUCHERIFY-005;VOUCHERIFY-024,
Voucherify,B07,4,4,VOUCHERIFY-024;VOUCHERIFY-025,
Voucherify,B08,3,3,VOUCHERIFY-029,
Voucherify,B09,2,2,VOUCHERIFY-016;VOUCHERIFY-006,
Voucherify,B10,1,1,VOUCHERIFY-009;VOUCHERIFY-010;VOUCHERIFY-011,
Voucherify,C01,1,1,VOUCHERIFY-004;VOUCHERIFY-015;VOUCHERIFY-032,
Voucherify,C02,1,1,VOUCHERIFY-004,
Voucherify,C03,1,1,VOUCHERIFY-004;VOUCHERIFY-008,
Voucherify,C04,2,2,VOUCHERIFY-031,
Voucherify,C05,1,1,VOUCHERIFY-005;VOUCHERIFY-011,
Voucherify,C06,0,0,VOUCHERIFY-003,
Voucherify,C07,1,1,VOUCHERIFY-016;VOUCHERIFY-035,
Voucherify,C08,2,2,VOUCHERIFY-012,
Voucherify,C09,0,0,VOUCHERIFY-003,
Voucherify,C10,0,0,VOUCHERIFY-003;VOUCHERIFY-016,
Voucherify,D01,3,3,VOUCHERIFY-010;VOUCHERIFY-008,
Voucherify,D02,3,3,VOUCHERIFY-009;VOUCHERIFY-010;VOUCHERIFY-011,
Voucherify,D03,1,1,VOUCHERIFY-010,
Voucherify,D04,3,3,VOUCHERIFY-010;VOUCHERIFY-011,
Voucherify,D05,2,2,VOUCHERIFY-012;VOUCHERIFY-011,
Voucherify,D06,2,2,VOUCHERIFY-009;VOUCHERIFY-010;VOUCHERIFY-011,
Voucherify,D07,2,2,VOUCHERIFY-028;VOUCHERIFY-011,
Voucherify,D08,2,2,VOUCHERIFY-009;VOUCHERIFY-011,
Voucherify,D09,?,?,,
Voucherify,D10,2,2,VOUCHERIFY-011,
Voucherify,E01,0,0,VOUCHERIFY-024,
Voucherify,E02,1,1,VOUCHERIFY-024;VOUCHERIFY-004,
Voucherify,E03,1,0,VOUCHERIFY-024,storing merchant-supplied unverified addresses is not address verification; Talon.One and Open Loyalty equivalent storage scored 0; convention: verification squares require verification capability
Voucherify,E04,2,2,VOUCHERIFY-015,
Voucherify,E05,0,0,VOUCHERIFY-007;VOUCHERIFY-008,
Voucherify,E06,0,0,VOUCHERIFY-015,
Voucherify,E07,1,1,VOUCHERIFY-004;VOUCHERIFY-035,
Voucherify,E08,?,?,,
Voucherify,E09,0,0,VOUCHERIFY-008;VOUCHERIFY-012,
Voucherify,E10,1,1,VOUCHERIFY-024;VOUCHERIFY-034,
Voucherify,F01,4,4,VOUCHERIFY-025;VOUCHERIFY-027,
Voucherify,F02,3,3,VOUCHERIFY-026;VOUCHERIFY-025,
Voucherify,F03,2,2,VOUCHERIFY-026,
Voucherify,F04,3,3,VOUCHERIFY-025;VOUCHERIFY-027;VOUCHERIFY-001,
Voucherify,F05,3,3,VOUCHERIFY-031;VOUCHERIFY-025;VOUCHERIFY-028,
Voucherify,F06,2,2,VOUCHERIFY-027,
Voucherify,F07,4,4,VOUCHERIFY-008;VOUCHERIFY-004,
Voucherify,F08,3,3,VOUCHERIFY-026,
Voucherify,F09,3,3,VOUCHERIFY-025,
Voucherify,F10,1,1,VOUCHERIFY-034;VOUCHERIFY-019,
Voucherify,G01,3,3,VOUCHERIFY-016;VOUCHERIFY-032;VOUCHERIFY-014,
Voucherify,G02,3,3,VOUCHERIFY-013,
Voucherify,G03,2,2,VOUCHERIFY-022,
Voucherify,G04,3,3,VOUCHERIFY-012,
Voucherify,G05,3,3,VOUCHERIFY-016;VOUCHERIFY-033,
Voucherify,G06,2,2,VOUCHERIFY-016;VOUCHERIFY-006,
Voucherify,G07,3,3,VOUCHERIFY-012;VOUCHERIFY-011;VOUCHERIFY-030;VOUCHERIFY-033,
Voucherify,G08,3,3,VOUCHERIFY-019,
Voucherify,G09,3,3,VOUCHERIFY-021;VOUCHERIFY-022;VOUCHERIFY-023,
Voucherify,G10,3,3,VOUCHERIFY-002;VOUCHERIFY-022,
Voucherify,H01,4,4,VOUCHERIFY-003;VOUCHERIFY-007;VOUCHERIFY-008,
Voucherify,H02,3,3,VOUCHERIFY-002;VOUCHERIFY-003,
Voucherify,H03,3,3,VOUCHERIFY-019,
Voucherify,H04,3,3,VOUCHERIFY-016;VOUCHERIFY-018,
Voucherify,H05,3,3,VOUCHERIFY-017,
Voucherify,H06,1,1,VOUCHERIFY-041;VOUCHERIFY-008,
Voucherify,H07,3,3,VOUCHERIFY-018,
Voucherify,H08,3,3,VOUCHERIFY-011,
Voucherify,H09,2,2,VOUCHERIFY-033;VOUCHERIFY-028;VOUCHERIFY-014,
Voucherify,H10,2,2,VOUCHERIFY-014,
Voucherify,I01,1,1,VOUCHERIFY-022;VOUCHERIFY-011,
Voucherify,I02,4,4,VOUCHERIFY-001;VOUCHERIFY-002;VOUCHERIFY-003,
Voucherify,I03,4,4,VOUCHERIFY-001;VOUCHERIFY-036,
Voucherify,I04,1,1,VOUCHERIFY-035,
Voucherify,I05,3,3,VOUCHERIFY-036;VOUCHERIFY-037;VOUCHERIFY-002,
Voucherify,I06,3,3,VOUCHERIFY-021,
Voucherify,I07,2,2,VOUCHERIFY-021;VOUCHERIFY-022,
Voucherify,I08,3,3,VOUCHERIFY-036;VOUCHERIFY-025,
Voucherify,I09,2,2,VOUCHERIFY-003;VOUCHERIFY-036,
Voucherify,I10,3,3,VOUCHERIFY-021,
Voucherify,J01,1,1,VOUCHERIFY-004;VOUCHERIFY-005,
Voucherify,J02,1,1,VOUCHERIFY-012;VOUCHERIFY-033,
Voucherify,J03,1,1,VOUCHERIFY-012,
Voucherify,J04,0,0,VOUCHERIFY-006;VOUCHERIFY-003,
Voucherify,J05,2,2,VOUCHERIFY-008;VOUCHERIFY-037,
Voucherify,J06,1,1,VOUCHERIFY-024,
Voucherify,J07,1,1,VOUCHERIFY-010;VOUCHERIFY-011,
Voucherify,J08,1,1,VOUCHERIFY-011;VOUCHERIFY-009,
Voucherify,J09,1,1,VOUCHERIFY-033,
Voucherify,J10,1,1,VOUCHERIFY-030;VOUCHERIFY-012,
Open Loyalty,A01,1,1,OPENLOYALTY-001;OPENLOYALTY-035,
Open Loyalty,A02,2,2,OPENLOYALTY-001;OPENLOYALTY-047,
Open Loyalty,A03,3,3,OPENLOYALTY-035;OPENLOYALTY-001,
Open Loyalty,A04,0,0,OPENLOYALTY-043,
Open Loyalty,A05,0,0,OPENLOYALTY-043,
Open Loyalty,A06,0,0,OPENLOYALTY-043,
Open Loyalty,A07,2,2,OPENLOYALTY-045;OPENLOYALTY-006,
Open Loyalty,A08,1,1,OPENLOYALTY-035;OPENLOYALTY-001,
Open Loyalty,A09,2,2,OPENLOYALTY-044,
Open Loyalty,A10,0,0,OPENLOYALTY-043,
Open Loyalty,B01,4,4,OPENLOYALTY-004;OPENLOYALTY-045;OPENLOYALTY-046,
Open Loyalty,B02,1,1,OPENLOYALTY-011;OPENLOYALTY-009,
Open Loyalty,B03,1,1,OPENLOYALTY-002;OPENLOYALTY-011,
Open Loyalty,B04,0,0,OPENLOYALTY-005;OPENLOYALTY-011,
Open Loyalty,B05,1,1,OPENLOYALTY-016;OPENLOYALTY-017;OPENLOYALTY-009,
Open Loyalty,B06,4,4,OPENLOYALTY-007;OPENLOYALTY-008;OPENLOYALTY-045,
Open Loyalty,B07,4,4,OPENLOYALTY-008;OPENLOYALTY-033;OPENLOYALTY-025,
Open Loyalty,B08,1,1,OPENLOYALTY-010;OPENLOYALTY-005,
Open Loyalty,B09,3,3,OPENLOYALTY-009,
Open Loyalty,B10,1,1,OPENLOYALTY-016,
Open Loyalty,C01,1,1,OPENLOYALTY-008;OPENLOYALTY-033;OPENLOYALTY-019,
Open Loyalty,C02,1,1,OPENLOYALTY-008,
Open Loyalty,C03,0,0,OPENLOYALTY-043,
Open Loyalty,C04,2,2,OPENLOYALTY-005;OPENLOYALTY-006;OPENLOYALTY-020;OPENLOYALTY-034,
Open Loyalty,C05,1,1,OPENLOYALTY-014;OPENLOYALTY-015;OPENLOYALTY-005,
Open Loyalty,C06,0,0,OPENLOYALTY-043,
Open Loyalty,C07,1,1,OPENLOYALTY-009,
Open Loyalty,C08,0,0,OPENLOYALTY-021;OPENLOYALTY-043,
Open Loyalty,C09,0,0,OPENLOYALTY-043,
Open Loyalty,C10,0,0,OPENLOYALTY-043,
Open Loyalty,D01,2,2,OPENLOYALTY-016;OPENLOYALTY-017;OPENLOYALTY-014,
Open Loyalty,D02,3,3,OPENLOYALTY-016;OPENLOYALTY-017;OPENLOYALTY-018,
Open Loyalty,D03,1,1,OPENLOYALTY-016;OPENLOYALTY-005,
Open Loyalty,D04,3,3,OPENLOYALTY-016,
Open Loyalty,D05,1,1,OPENLOYALTY-015;OPENLOYALTY-014,
Open Loyalty,D06,2,2,OPENLOYALTY-016;OPENLOYALTY-017;OPENLOYALTY-014,
Open Loyalty,D07,2,2,OPENLOYALTY-014;OPENLOYALTY-018,
Open Loyalty,D08,?,?,,
Open Loyalty,D09,?,?,,
Open Loyalty,D10,2,2,OPENLOYALTY-014;OPENLOYALTY-015,
Open Loyalty,E01,0,0,OPENLOYALTY-043,
Open Loyalty,E02,0,1,OPENLOYALTY-043;OPENLOYALTY-033,age-range segment conditions documented (OPENLOYALTY-033); same declared-data age-gating substrate as Voucherify E02=1
Open Loyalty,E03,0,0,OPENLOYALTY-043;OPENLOYALTY-008,
Open Loyalty,E04,0,1,OPENLOYALTY-043;OPENLOYALTY-008,country/province/postal expression + segment conditions and per-country tenants (OPENLOYALTY-008/-019/-033); same substrate as Talon.One E04=1
Open Loyalty,E05,0,0,OPENLOYALTY-043,
Open Loyalty,E06,0,0,OPENLOYALTY-043,
Open Loyalty,E07,0,1,OPENLOYALTY-043;OPENLOYALTY-006;OPENLOYALTY-025,"campaign caps, unit budgets, win limits (OPENLOYALTY-006/-035) are the deterministic anti-abuse class scored 1 at both peers"
Open Loyalty,E08,1,1,OPENLOYALTY-024,
Open Loyalty,E09,0,0,OPENLOYALTY-043,
Open Loyalty,E10,0,1,OPENLOYALTY-043;OPENLOYALTY-042,custom event schemas + webhooks can carry third-party signals as data (OPENLOYALTY-045/-042); substrate credited 1 at both peers
Open Loyalty,F01,4,4,OPENLOYALTY-025;OPENLOYALTY-008,
Open Loyalty,F02,4,4,OPENLOYALTY-026;OPENLOYALTY-012;OPENLOYALTY-018,
Open Loyalty,F03,3,3,OPENLOYALTY-017;OPENLOYALTY-016;OPENLOYALTY-006,
Open Loyalty,F04,4,4,OPENLOYALTY-017;OPENLOYALTY-005;OPENLOYALTY-006,
Open Loyalty,F05,4,4,OPENLOYALTY-025;OPENLOYALTY-012;OPENLOYALTY-026,
Open Loyalty,F06,2,2,OPENLOYALTY-025;OPENLOYALTY-008,
Open Loyalty,F07,3,3,OPENLOYALTY-044;OPENLOYALTY-005,
Open Loyalty,F08,2,2,OPENLOYALTY-026;OPENLOYALTY-018,
Open Loyalty,F09,3,3,OPENLOYALTY-025;OPENLOYALTY-001,
Open Loyalty,F10,2,2,OPENLOYALTY-018;OPENLOYALTY-031,
Open Loyalty,G01,4,4,OPENLOYALTY-019;OPENLOYALTY-037;OPENLOYALTY-029,
Open Loyalty,G02,3,2,OPENLOYALTY-021,ACL has only View/Modify levels and roles are global not tenant-scoped (OPENLOYALTY-019/-021); materially below peers' 3-grade RBAC
Open Loyalty,G03,3,3,OPENLOYALTY-022,
Open Loyalty,G04,0,0,OPENLOYALTY-021;OPENLOYALTY-043,
Open Loyalty,G05,3,3,OPENLOYALTY-003;OPENLOYALTY-037,
Open Loyalty,G06,3,3,OPENLOYALTY-009;OPENLOYALTY-003,
Open Loyalty,G07,2,2,OPENLOYALTY-023;OPENLOYALTY-037;OPENLOYALTY-014,
Open Loyalty,G08,4,3,OPENLOYALTY-012;OPENLOYALTY-013;OPENLOYALTY-042,webhook retry/delivery guarantees undocumented (OPENLOYALTY-013 note); Voucherify's fully documented delivery contract scored 3; 4 unsupported
Open Loyalty,G09,3,3,OPENLOYALTY-028;OPENLOYALTY-003,
Open Loyalty,G10,3,3,OPENLOYALTY-027;OPENLOYALTY-028,
Open Loyalty,H01,4,4,OPENLOYALTY-046;OPENLOYALTY-002,
Open Loyalty,H02,1,1,OPENLOYALTY-046;OPENLOYALTY-032,
Open Loyalty,H03,4,3,OPENLOYALTY-012;OPENLOYALTY-013,same evidence and reasoning as G08
Open Loyalty,H04,3,3,OPENLOYALTY-003,
Open Loyalty,H05,3,3,OPENLOYALTY-023,
Open Loyalty,H06,?,?,OPENLOYALTY-041,
Open Loyalty,H07,3,3,OPENLOYALTY-024;OPENLOYALTY-003,
Open Loyalty,H08,1,1,OPENLOYALTY-014;OPENLOYALTY-016,
Open Loyalty,H09,3,3,OPENLOYALTY-037,
Open Loyalty,H10,0,1,OPENLOYALTY-043;OPENLOYALTY-042,API-manageable config + per-module configuration exports (OPENLOYALTY-021/-037) equals Talon.One H10=1 substrate
Open Loyalty,I01,0,0,OPENLOYALTY-001;OPENLOYALTY-038,
Open Loyalty,I02,4,4,OPENLOYALTY-001;OPENLOYALTY-002;OPENLOYALTY-046,
Open Loyalty,I03,4,4,OPENLOYALTY-001;OPENLOYALTY-028,
Open Loyalty,I04,0,0,OPENLOYALTY-043,
Open Loyalty,I05,4,3,OPENLOYALTY-001;OPENLOYALTY-029,real enterprise roster but '100+ brands' is marketing; parity with Voucherify roster at 3; category-leading 4 reserved for Talon.One tier
Open Loyalty,I06,0,0,OPENLOYALTY-028;OPENLOYALTY-038,
Open Loyalty,I07,2,2,OPENLOYALTY-028;OPENLOYALTY-038,
Open Loyalty,I08,3,3,OPENLOYALTY-018;OPENLOYALTY-037,
Open Loyalty,I09,3,3,OPENLOYALTY-038;OPENLOYALTY-028,
Open Loyalty,I10,1,1,OPENLOYALTY-028;OPENLOYALTY-038,
Open Loyalty,J01,0,1,OPENLOYALTY-043;OPENLOYALTY-005,expression engine over country/consent/tier attributes is customer-authorable substrate; parity with Talon.One/Voucherify J01=1
Open Loyalty,J02,0,0,OPENLOYALTY-043;OPENLOYALTY-037,
Open Loyalty,J03,0,0,OPENLOYALTY-021;OPENLOYALTY-043,
Open Loyalty,J04,0,1,OPENLOYALTY-009;OPENLOYALTY-043,documented pre-go-live campaign simulator (OPENLOYALTY-009); same peripheral-substrate class as Talon.One dry requests J04=1
Open Loyalty,J05,0,0,OPENLOYALTY-005;OPENLOYALTY-011,
Open Loyalty,J06,0,1,OPENLOYALTY-043,same substrate reasoning as E10
Open Loyalty,J07,1,1,OPENLOYALTY-016;OPENLOYALTY-017;OPENLOYALTY-014,
Open Loyalty,J08,1,1,OPENLOYALTY-016;OPENLOYALTY-014,
Open Loyalty,J09,1,1,OPENLOYALTY-037;OPENLOYALTY-047,
Open Loyalty,J10,0,0,OPENLOYALTY-043,
GeoComply,A01,0,0,GEOCOMPLY-001,
GeoComply,A02,0,0,GEOCOMPLY-001,
GeoComply,A03,0,0,GEOCOMPLY-001,
GeoComply,A04,0,0,GEOCOMPLY-001,
GeoComply,A05,0,0,GEOCOMPLY-001,
GeoComply,A06,0,0,GEOCOMPLY-001,
GeoComply,A07,0,0,GEOCOMPLY-001,
GeoComply,A08,0,0,GEOCOMPLY-001,
GeoComply,A09,0,0,GEOCOMPLY-001,
GeoComply,A10,0,0,GEOCOMPLY-001,
GeoComply,B01,2,2,GEOCOMPLY-007;GEOCOMPLY-003,
GeoComply,B02,3,3,GEOCOMPLY-003;GEOCOMPLY-005;GEOCOMPLY-007,
GeoComply,B03,3,3,GEOCOMPLY-003;GEOCOMPLY-027;GEOCOMPLY-028,
GeoComply,B04,2,2,GEOCOMPLY-007;GEOCOMPLY-006;GEOCOMPLY-035,
GeoComply,B05,3,3,GEOCOMPLY-003;GEOCOMPLY-007,
GeoComply,B06,1,1,GEOCOMPLY-035;GEOCOMPLY-006,
GeoComply,B07,3,3,GEOCOMPLY-003;GEOCOMPLY-004;GEOCOMPLY-017,
GeoComply,B08,?,?,,
GeoComply,B09,?,?,,
GeoComply,B10,1,1,GEOCOMPLY-017;GEOCOMPLY-018,
GeoComply,C01,3,3,GEOCOMPLY-010;GEOCOMPLY-011;GEOCOMPLY-027;GEOCOMPLY-028;GEOCOMPLY-029,
GeoComply,C02,2,2,GEOCOMPLY-001;GEOCOMPLY-016;GEOCOMPLY-023,
GeoComply,C03,2,2,GEOCOMPLY-007;GEOCOMPLY-026,
GeoComply,C04,1,1,GEOCOMPLY-029;GEOCOMPLY-028,
GeoComply,C05,?,?,,
GeoComply,C06,2,2,GEOCOMPLY-028;GEOCOMPLY-010,
GeoComply,C07,?,?,,
GeoComply,C08,1,1,GEOCOMPLY-020,
GeoComply,C09,?,?,,
GeoComply,C10,0,0,GEOCOMPLY-005;GEOCOMPLY-007,
GeoComply,D01,2,2,GEOCOMPLY-007;GEOCOMPLY-017,
GeoComply,D02,3,3,GEOCOMPLY-017;GEOCOMPLY-003,
GeoComply,D03,?,?,,
GeoComply,D04,2,2,GEOCOMPLY-017;GEOCOMPLY-018,
GeoComply,D05,1,1,GEOCOMPLY-020,
GeoComply,D06,2,2,GEOCOMPLY-017;GEOCOMPLY-018,
GeoComply,D07,3,3,GEOCOMPLY-017;GEOCOMPLY-018;GEOCOMPLY-020,
GeoComply,D08,2,2,GEOCOMPLY-017,
GeoComply,D09,2,2,GEOCOMPLY-005;GEOCOMPLY-003,
GeoComply,D10,2,2,GEOCOMPLY-006;GEOCOMPLY-020,
GeoComply,E01,3,3,GEOCOMPLY-009;GEOCOMPLY-011;GEOCOMPLY-012,
GeoComply,E02,3,3,GEOCOMPLY-009;GEOCOMPLY-011,
GeoComply,E03,2,2,GEOCOMPLY-009;GEOCOMPLY-028,
GeoComply,E04,4,4,GEOCOMPLY-003;GEOCOMPLY-024;GEOCOMPLY-029;GEOCOMPLY-016,
GeoComply,E05,3,3,GEOCOMPLY-004;GEOCOMPLY-005,
GeoComply,E06,4,4,GEOCOMPLY-014;GEOCOMPLY-015,
GeoComply,E07,3,3,GEOCOMPLY-035;GEOCOMPLY-028;GEOCOMPLY-006,
GeoComply,E08,3,3,GEOCOMPLY-004;GEOCOMPLY-006;GEOCOMPLY-009,
GeoComply,E09,2,2,GEOCOMPLY-017;GEOCOMPLY-035,
GeoComply,E10,3,3,GEOCOMPLY-009;GEOCOMPLY-010;GEOCOMPLY-013,
GeoComply,F01,0,0,GEOCOMPLY-001,
GeoComply,F02,0,0,GEOCOMPLY-001,
GeoComply,F03,0,0,GEOCOMPLY-001,
GeoComply,F04,0,0,GEOCOMPLY-001,
GeoComply,F05,0,0,GEOCOMPLY-001,
GeoComply,F06,0,0,GEOCOMPLY-001,
GeoComply,F07,0,0,GEOCOMPLY-001,
GeoComply,F08,0,0,GEOCOMPLY-001,
GeoComply,F09,0,0,GEOCOMPLY-001,
GeoComply,F10,0,0,GEOCOMPLY-001,
GeoComply,G01,2,2,GEOCOMPLY-024;GEOCOMPLY-025,
GeoComply,G02,?,?,,
GeoComply,G03,?,?,,
GeoComply,G04,1,1,GEOCOMPLY-020,
GeoComply,G05,2,2,GEOCOMPLY-007,
GeoComply,G06,?,?,,
GeoComply,G07,1,1,GEOCOMPLY-005;GEOCOMPLY-028,
GeoComply,G08,?,?,,
GeoComply,G09,3,2,GEOCOMPLY-027;GEOCOMPLY-028;GEOCOMPLY-002,"SLA evidence is achieved-uptime marketing (99.999% PR vs 99.9999% homepage, inconsistent); no SLA terms public; regulated-environment uptime commitments justify 2, not 3"
GeoComply,G10,3,3,GEOCOMPLY-022,
GeoComply,H01,2,2,GEOCOMPLY-007;GEOCOMPLY-012,
GeoComply,H02,3,3,GEOCOMPLY-003;GEOCOMPLY-008,
GeoComply,H03,?,?,,
GeoComply,H04,1,1,GEOCOMPLY-007,
GeoComply,H05,?,?,,
GeoComply,H06,?,?,,
GeoComply,H07,?,?,,
GeoComply,H08,2,2,GEOCOMPLY-006;GEOCOMPLY-003;GEOCOMPLY-012,
GeoComply,H09,?,?,,
GeoComply,H10,0,0,GEOCOMPLY-008,
GeoComply,I01,4,4,GEOCOMPLY-011;GEOCOMPLY-029;GEOCOMPLY-022;GEOCOMPLY-021,
GeoComply,I02,2,2,GEOCOMPLY-007;GEOCOMPLY-008,
GeoComply,I03,0,0,GEOCOMPLY-001,
GeoComply,I04,3,3,GEOCOMPLY-006;GEOCOMPLY-017;GEOCOMPLY-035,
GeoComply,I05,4,4,GEOCOMPLY-024;GEOCOMPLY-025;GEOCOMPLY-027,
GeoComply,I06,1,1,GEOCOMPLY-015;GEOCOMPLY-034,
GeoComply,I07,3,3,GEOCOMPLY-013;GEOCOMPLY-027;GEOCOMPLY-028,
GeoComply,I08,3,3,GEOCOMPLY-025;GEOCOMPLY-024;GEOCOMPLY-031,
GeoComply,I09,3,3,GEOCOMPLY-007;GEOCOMPLY-008,
GeoComply,I10,1,1,GEOCOMPLY-034;GEOCOMPLY-013,
GeoComply,J01,2,2,GEOCOMPLY-010;GEOCOMPLY-027;GEOCOMPLY-028,
GeoComply,J02,0,0,GEOCOMPLY-005;GEOCOMPLY-028,
GeoComply,J03,0,0,GEOCOMPLY-020;GEOCOMPLY-001,
GeoComply,J04,?,?,,
GeoComply,J05,2,2,GEOCOMPLY-025;GEOCOMPLY-026;GEOCOMPLY-029,
GeoComply,J06,3,3,GEOCOMPLY-009;GEOCOMPLY-010;GEOCOMPLY-013,
GeoComply,J07,2,2,GEOCOMPLY-017;GEOCOMPLY-018,
GeoComply,J08,1,1,GEOCOMPLY-017,
GeoComply,J09,2,2,GEOCOMPLY-028;GEOCOMPLY-027,
GeoComply,J10,1,1,GEOCOMPLY-019;GEOCOMPLY-020;GEOCOMPLY-021,
Persona,A01,0,0,PERSONA-035,
Persona,A02,0,0,PERSONA-035,
Persona,A03,0,0,PERSONA-035,
Persona,A04,0,0,PERSONA-035,
Persona,A05,0,0,PERSONA-035,
Persona,A06,0,0,PERSONA-035,
Persona,A07,0,0,PERSONA-035,
Persona,A08,0,0,PERSONA-035,
Persona,A09,0,0,PERSONA-035,
Persona,A10,1,1,PERSONA-007;PERSONA-035,
Persona,B01,3,3,PERSONA-002;PERSONA-019,
Persona,B02,1,1,PERSONA-034,
Persona,B03,1,1,PERSONA-033;PERSONA-034,
Persona,B04,4,4,PERSONA-003;PERSONA-004,
Persona,B05,3,3,PERSONA-006;PERSONA-014,
Persona,B06,4,4,PERSONA-011;PERSONA-019;PERSONA-039,
Persona,B07,4,4,PERSONA-001;PERSONA-039,
Persona,B08,1,1,PERSONA-002,
Persona,B09,2,2,PERSONA-015;PERSONA-022,
Persona,B10,1,1,PERSONA-015;PERSONA-016,
Persona,C01,2,2,PERSONA-018;PERSONA-002;PERSONA-037,
Persona,C02,1,1,PERSONA-029,
Persona,C03,1,1,PERSONA-019,
Persona,C04,1,1,PERSONA-002;PERSONA-009,
Persona,C05,3,3,PERSONA-015;PERSONA-016,
Persona,C06,1,1,PERSONA-037,
Persona,C07,2,2,PERSONA-015,
Persona,C08,1,1,PERSONA-024,
Persona,C09,0,0,,
Persona,C10,1,1,PERSONA-029,
Persona,D01,3,3,PERSONA-020;PERSONA-040,
Persona,D02,3,3,PERSONA-020;PERSONA-021,
Persona,D03,3,3,PERSONA-015;PERSONA-016,
Persona,D04,3,3,PERSONA-040;PERSONA-016,
Persona,D05,3,3,PERSONA-023;PERSONA-014,
Persona,D06,2,2,PERSONA-016;PERSONA-023;PERSONA-040,
Persona,D07,3,3,PERSONA-013;PERSONA-041,
Persona,D08,3,3,PERSONA-025,
Persona,D09,1,1,PERSONA-021;PERSONA-011,
Persona,D10,3,3,PERSONA-023;PERSONA-020,
Persona,E01,4,4,PERSONA-007;PERSONA-001,
Persona,E02,3,3,PERSONA-029;PERSONA-037,
Persona,E03,3,3,PERSONA-007;PERSONA-008,
Persona,E04,3,2,PERSONA-026,"documented geolocation is GPS+IP collection with VPN flags and geo lists; report itself concedes not certified-grade; scale normalization vs GeoComply=4, Socure=1"
Persona,E05,3,3,PERSONA-026,
Persona,E06,3,3,PERSONA-026,
Persona,E07,3,3,PERSONA-026;PERSONA-008,
Persona,E08,3,3,PERSONA-005;PERSONA-017;PERSONA-018,
Persona,E09,4,4,PERSONA-010;PERSONA-011;PERSONA-012;PERSONA-013,
Persona,E10,4,4,PERSONA-027;PERSONA-002,
Persona,F01,0,0,PERSONA-035,
Persona,F02,0,0,PERSONA-035,
Persona,F03,0,0,PERSONA-035,
Persona,F04,0,0,PERSONA-035,
Persona,F05,0,0,PERSONA-035,
Persona,F06,0,0,PERSONA-035,
Persona,F07,0,0,PERSONA-035,
Persona,F08,0,0,PERSONA-035,
Persona,F09,0,0,PERSONA-035,
Persona,F10,1,1,PERSONA-003,
Persona,G01,3,3,PERSONA-036;PERSONA-030;PERSONA-024,
Persona,G02,3,3,PERSONA-024,
Persona,G03,3,3,PERSONA-024,
Persona,G04,2,2,PERSONA-010;PERSONA-012,
Persona,G05,3,3,PERSONA-022;PERSONA-036,
Persona,G06,3,3,PERSONA-022;PERSONA-015;PERSONA-021,
Persona,G07,3,3,PERSONA-015;PERSONA-016,
Persona,G08,4,4,PERSONA-021,
Persona,G09,?,?,,
Persona,G10,3,3,PERSONA-032,
Persona,H01,4,4,PERSONA-020,
Persona,H02,3,3,PERSONA-042,
Persona,H03,4,4,PERSONA-021,
Persona,H04,3,3,PERSONA-022,
Persona,H05,4,4,PERSONA-020,
Persona,H06,3,3,PERSONA-020,
Persona,H07,3,3,PERSONA-020,
Persona,H08,3,3,PERSONA-020;PERSONA-023,
Persona,H09,2,2,PERSONA-011;PERSONA-016,
Persona,H10,0,0,PERSONA-035,
Persona,I01,3,3,PERSONA-013;PERSONA-008,
Persona,I02,3,3,PERSONA-020;PERSONA-042,
Persona,I03,1,1,,
Persona,I04,3,3,PERSONA-017;PERSONA-026,
Persona,I05,4,4,PERSONA-031,
Persona,I06,3,3,PERSONA-030,
Persona,I07,2,2,PERSONA-005;PERSONA-019;PERSONA-030,
Persona,I08,2,2,PERSONA-033,
Persona,I09,2,2,PERSONA-030;PERSONA-022,
Persona,I10,2,2,PERSONA-030,
Persona,J01,2,2,PERSONA-029;PERSONA-015;PERSONA-003,
Persona,J02,1,1,PERSONA-015,
Persona,J03,1,1,PERSONA-024,
Persona,J04,1,1,PERSONA-015,
Persona,J05,2,2,PERSONA-019;PERSONA-034,
Persona,J06,3,3,PERSONA-027;PERSONA-008,
Persona,J07,2,2,PERSONA-016;PERSONA-023;PERSONA-041,
Persona,J08,1,1,PERSONA-015;PERSONA-016,
Persona,J09,2,2,PERSONA-029;PERSONA-028,
Persona,J10,2,2,PERSONA-015;PERSONA-036,
Socure,A01,0,0,SOCURE-043,
Socure,A02,0,0,SOCURE-043,
Socure,A03,0,0,SOCURE-043,
Socure,A04,0,0,SOCURE-043,
Socure,A05,0,0,SOCURE-043,
Socure,A06,0,0,SOCURE-043,
Socure,A07,0,0,SOCURE-043,
Socure,A08,0,0,SOCURE-043,
Socure,A09,0,0,SOCURE-043,
Socure,A10,0,0,SOCURE-043,
Socure,B01,4,4,SOCURE-006;SOCURE-030;SOCURE-036,
Socure,B02,4,4,SOCURE-005;SOCURE-013,
Socure,B03,3,3,SOCURE-013;SOCURE-004;SOCURE-029,
Socure,B04,4,4,SOCURE-003;SOCURE-005;SOCURE-008,
Socure,B05,4,4,SOCURE-019;SOCURE-005;SOCURE-020,
Socure,B06,3,3,SOCURE-021,
Socure,B07,3,3,SOCURE-022;SOCURE-012,
Socure,B08,3,3,SOCURE-008,
Socure,B09,3,3,SOCURE-009;SOCURE-010,
Socure,B10,3,2,SOCURE-011;SOCURE-012;SOCURE-042,"verified: Decision Path Trace is post-hoc reconstruction (credited at D06), no workflow-version linkage documented, re-evaluation runs fresh current-policy logic (SOCURE-042); no as-of replay"
Socure,C01,2,2,SOCURE-028;SOCURE-024,
Socure,C02,2,2,SOCURE-046;SOCURE-035,
Socure,C03,1,1,SOCURE-006;SOCURE-021,
Socure,C04,?,?,,
Socure,C05,3,3,SOCURE-007;SOCURE-018,
Socure,C06,1,1,SOCURE-018;SOCURE-025,
Socure,C07,3,3,SOCURE-010;SOCURE-009,
Socure,C08,1,1,SOCURE-007;SOCURE-015,
Socure,C09,1,1,SOCURE-023;SOCURE-005,
Socure,C10,1,1,SOCURE-023;SOCURE-028,
Socure,D01,3,3,SOCURE-042;SOCURE-014;SOCURE-018,
Socure,D02,4,4,SOCURE-012;SOCURE-018,
Socure,D03,2,2,SOCURE-038;SOCURE-007,
Socure,D04,3,3,SOCURE-011;SOCURE-018,
Socure,D05,3,3,SOCURE-012;SOCURE-018;SOCURE-015,
Socure,D06,3,3,SOCURE-011;SOCURE-012,
Socure,D07,3,3,SOCURE-018;SOCURE-030;SOCURE-023,
Socure,D08,?,?,,
Socure,D09,?,?,,
Socure,D10,3,3,SOCURE-017;SOCURE-018;SOCURE-039,
Socure,E01,4,4,SOCURE-026;SOCURE-031;SOCURE-002,
Socure,E02,4,4,SOCURE-028;SOCURE-029,
Socure,E03,3,3,SOCURE-005;SOCURE-026;SOCURE-044,
Socure,E04,1,1,SOCURE-005,
Socure,E05,3,3,SOCURE-044;SOCURE-005,
Socure,E06,2,2,SOCURE-005;SOCURE-041,
Socure,E07,4,4,SOCURE-038;SOCURE-002;SOCURE-031,
Socure,E08,3,3,SOCURE-022;SOCURE-030,
Socure,E09,4,4,SOCURE-012;SOCURE-023,
Socure,E10,4,3,SOCURE-034;SOCURE-030;SOCURE-004,documented third-party orchestration is 14 partners + reseller contracting (SOCURE-034); 50+/200+ are marketing counts incl. first-party modules; Persona's ~90+ documented integrations set the 4 bar
Socure,F01,0,0,SOCURE-043,
Socure,F02,0,0,SOCURE-043,
Socure,F03,0,0,SOCURE-043,
Socure,F04,0,0,SOCURE-043,
Socure,F05,0,0,SOCURE-043,
Socure,F06,0,0,SOCURE-043,
Socure,F07,0,0,SOCURE-043,
Socure,F08,0,0,SOCURE-043,
Socure,F09,0,0,SOCURE-043,
Socure,F10,1,1,SOCURE-030,
Socure,G01,3,3,SOCURE-015;SOCURE-013,
Socure,G02,3,3,SOCURE-015,
Socure,G03,3,3,SOCURE-016,
Socure,G04,2,2,SOCURE-007;SOCURE-015;SOCURE-023,
Socure,G05,3,3,SOCURE-013;SOCURE-035,
Socure,G06,3,3,SOCURE-010;SOCURE-009,
Socure,G07,3,3,SOCURE-007;SOCURE-017;SOCURE-039,
Socure,G08,3,3,SOCURE-014,
Socure,G09,?,?,,
Socure,G10,3,3,SOCURE-032;SOCURE-033,
Socure,H01,4,4,SOCURE-002;SOCURE-013;SOCURE-036,
Socure,H02,3,3,SOCURE-044,
Socure,H03,3,3,SOCURE-014,
Socure,H04,3,3,SOCURE-013;SOCURE-035,
Socure,H05,2,2,SOCURE-036;SOCURE-038,
Socure,H06,?,?,,
Socure,H07,3,3,SOCURE-013,
Socure,H08,3,3,SOCURE-047;SOCURE-018;SOCURE-012,
Socure,H09,1,1,SOCURE-018,
Socure,H10,?,?,,
Socure,I01,3,3,SOCURE-023;SOCURE-018;SOCURE-015,
Socure,I02,3,3,SOCURE-035;SOCURE-045,
Socure,I03,1,1,SOCURE-026,
Socure,I04,4,4,SOCURE-001;SOCURE-031,
Socure,I05,4,4,SOCURE-001;SOCURE-040;SOCURE-031,
Socure,I06,3,3,SOCURE-035;SOCURE-013,
Socure,I07,2,2,SOCURE-004;SOCURE-037,
Socure,I08,3,3,SOCURE-012;SOCURE-031,
Socure,I09,2,2,SOCURE-035;SOCURE-037,
Socure,I10,1,1,SOCURE-037;SOCURE-013,
Socure,J01,2,2,SOCURE-006;SOCURE-028,
Socure,J02,1,1,SOCURE-007,
Socure,J03,1,1,SOCURE-015;SOCURE-007,
Socure,J04,2,2,SOCURE-010;SOCURE-009,
Socure,J05,2,2,SOCURE-046;SOCURE-030,
Socure,J06,3,3,SOCURE-034;SOCURE-030,
Socure,J07,3,2,SOCURE-011;SOCURE-018;SOCURE-020,"evidence-grade claim broken by verified gaps: reason-code-list edits alter live behavior with no version and no audit-log entry (SOCURE-020, verified verbatim), decision-to-workflow-version link undocumented, backtests not exportable, retention unresolved (D08=?)"
Socure,J08,2,2,SOCURE-011;SOCURE-024;SOCURE-042,
Socure,J09,2,2,SOCURE-035;SOCURE-046;SOCURE-023,
Socure,J10,2,2,SOCURE-007;SOCURE-039,
OPA,A01,0,0,OPA-001;OPA-030,
OPA,A02,0,0,OPA-001;OPA-030,
OPA,A03,0,0,OPA-001;OPA-030,
OPA,A04,0,0,OPA-001;OPA-030,
OPA,A05,0,0,OPA-001;OPA-030,
OPA,A06,0,0,OPA-001;OPA-030,
OPA,A07,0,0,OPA-001;OPA-030,
OPA,A08,0,0,OPA-001;OPA-030,
OPA,A09,0,0,OPA-001;OPA-030,
OPA,A10,0,0,OPA-001;OPA-030,
OPA,B01,4,4,OPA-016;OPA-001;OPA-021,
OPA,B02,4,4,OPA-016;OPA-006,
OPA,B03,4,4,OPA-007;OPA-006;OPA-021,
OPA,B04,3,3,OPA-005;OPA-016,
OPA,B05,3,3,OPA-005;OPA-016;OPA-003,
OPA,B06,4,4,OPA-005;OPA-004;OPA-018,
OPA,B07,2,2,OPA-018;OPA-008;OPA-016,
OPA,B08,2,2,OPA-004;OPA-009,
OPA,B09,3,3,OPA-017;OPA-016;OPA-025,
OPA,B10,2,2,OPA-011;OPA-016,
OPA,C01,2,2,OPA-004;OPA-021;OPA-019,
OPA,C02,2,2,OPA-004;OPA-005,
OPA,C03,2,2,OPA-004;OPA-021,
OPA,C04,2,2,OPA-004;OPA-009,
OPA,C05,2,2,OPA-009;OPA-011,
OPA,C06,0,0,OPA-001;OPA-030,
OPA,C07,1,1,OPA-017;OPA-025;OPA-024,
OPA,C08,0,0,OPA-001;OPA-031,
OPA,C09,2,2,OPA-004,
OPA,C10,0,0,OPA-030,
OPA,D01,3,3,OPA-011;OPA-016,
OPA,D02,4,3,OPA-011;OPA-012;OPA-013,"decision-log capability is emission-only: no storage/query/retention, events droppable under load (verified 2026-08-18); 4 reserved for emission+collection+search (Cerbos)"
OPA,D03,3,3,OPA-011;OPA-016,
OPA,D04,3,3,OPA-011;OPA-013,
OPA,D05,0,0,OPA-001;OPA-026,
OPA,D06,2,2,OPA-011;OPA-009,
OPA,D07,1,1,OPA-011;OPA-013,
OPA,D08,1,1,OPA-013,
OPA,D09,1,1,OPA-010;OPA-011,
OPA,D10,1,1,OPA-014;OPA-020,
OPA,E01,0,0,OPA-001;OPA-018,
OPA,E02,0,0,OPA-001;OPA-018,
OPA,E03,0,0,OPA-001;OPA-018,
OPA,E04,0,0,OPA-001;OPA-018,
OPA,E05,0,0,OPA-001;OPA-018,
OPA,E06,0,0,OPA-001;OPA-018,
OPA,E07,0,0,OPA-003;OPA-018,
OPA,E08,0,0,OPA-001;OPA-018,
OPA,E09,0,0,OPA-001;OPA-030,
OPA,E10,1,1,OPA-018;OPA-004,
OPA,F01,0,0,OPA-001;OPA-016,
OPA,F02,0,0,OPA-001;OPA-016,
OPA,F03,0,0,OPA-001;OPA-016,
OPA,F04,0,0,OPA-001;OPA-016,
OPA,F05,0,0,OPA-001;OPA-016,
OPA,F06,0,0,OPA-001;OPA-016,
OPA,F07,1,1,OPA-005;OPA-018,
OPA,F08,0,0,OPA-001;OPA-016,
OPA,F09,0,0,OPA-001;OPA-016,
OPA,F10,1,1,OPA-018,
OPA,G01,2,2,OPA-004;OPA-009;OPA-015,
OPA,G02,1,1,OPA-033,
OPA,G03,0,0,OPA-033,
OPA,G04,0,0,OPA-001;OPA-026,
OPA,G05,2,2,OPA-015;OPA-026;OPA-009,
OPA,G06,4,4,OPA-017;OPA-027,
OPA,G07,2,2,OPA-009;OPA-014;OPA-010,
OPA,G08,2,2,OPA-014;OPA-011,
OPA,G09,0,0,OPA-031;OPA-022,
OPA,G10,1,1,OPA-032;OPA-010,
OPA,H01,4,4,OPA-016,
OPA,H02,3,3,OPA-006;OPA-034;OPA-022;OPA-030,
OPA,H03,2,2,OPA-014;OPA-011,
OPA,H04,3,3,OPA-003;OPA-017,
OPA,H05,3,3,OPA-016;OPA-029;OPA-009,
OPA,H06,2,2,OPA-016,
OPA,H07,1,1,OPA-013,
OPA,H08,4,4,OPA-020;OPA-014;OPA-011,
OPA,H09,3,3,OPA-016;OPA-009,
OPA,H10,3,3,OPA-009;OPA-026;OPA-030,
OPA,I01,1,1,OPA-021,
OPA,I02,4,4,OPA-001;OPA-021,
OPA,I03,0,0,OPA-001;OPA-030,
OPA,I04,1,1,OPA-003,
OPA,I05,4,4,OPA-021;OPA-002,
OPA,I06,4,4,OPA-002;OPA-028;OPA-003,
OPA,I07,2,2,OPA-031,
OPA,I08,3,3,OPA-023;OPA-004,
OPA,I09,2,2,OPA-018;OPA-026;OPA-030,
OPA,I10,4,4,OPA-002;OPA-032,
OPA,J01,2,2,OPA-019;OPA-021;OPA-004,
OPA,J02,1,1,OPA-026;OPA-009,
OPA,J03,0,0,OPA-001;OPA-031,
OPA,J04,1,1,OPA-017;OPA-025;OPA-024,
OPA,J05,3,3,OPA-021;OPA-007;OPA-001,
OPA,J06,1,1,OPA-018,
OPA,J07,2,2,OPA-011;OPA-010;OPA-012,
OPA,J08,2,2,OPA-011;OPA-009,
OPA,J09,1,1,OPA-030,
OPA,J10,2,2,OPA-009;OPA-014;OPA-015;OPA-026;OPA-023,
AWS Verified Permissions / Cedar,A01,0,0,AWSCEDAR-001;AWSCEDAR-024,
AWS Verified Permissions / Cedar,A02,0,0,AWSCEDAR-001;AWSCEDAR-024,
AWS Verified Permissions / Cedar,A03,0,0,AWSCEDAR-001;AWSCEDAR-024,
AWS Verified Permissions / Cedar,A04,0,0,AWSCEDAR-001;AWSCEDAR-024,
AWS Verified Permissions / Cedar,A05,0,0,AWSCEDAR-001;AWSCEDAR-024,
AWS Verified Permissions / Cedar,A06,0,0,AWSCEDAR-001;AWSCEDAR-024,
AWS Verified Permissions / Cedar,A07,0,0,AWSCEDAR-001;AWSCEDAR-024,
AWS Verified Permissions / Cedar,A08,0,0,AWSCEDAR-001;AWSCEDAR-024,
AWS Verified Permissions / Cedar,A09,0,0,AWSCEDAR-001;AWSCEDAR-024,
AWS Verified Permissions / Cedar,A10,0,0,AWSCEDAR-001;AWSCEDAR-024,
AWS Verified Permissions / Cedar,B01,4,4,AWSCEDAR-002;AWSCEDAR-003;AWSCEDAR-004,
AWS Verified Permissions / Cedar,B02,4,4,AWSCEDAR-001;AWSCEDAR-006;AWSCEDAR-036,
AWS Verified Permissions / Cedar,B03,3,3,AWSCEDAR-011;AWSCEDAR-020;AWSCEDAR-036,
AWS Verified Permissions / Cedar,B04,2,2,AWSCEDAR-002,
AWS Verified Permissions / Cedar,B05,2,2,AWSCEDAR-002;AWSCEDAR-006,
AWS Verified Permissions / Cedar,B06,4,4,AWSCEDAR-003;AWSCEDAR-007;AWSCEDAR-009,
AWS Verified Permissions / Cedar,B07,1,1,AWSCEDAR-005;AWSCEDAR-022,
AWS Verified Permissions / Cedar,B08,3,3,AWSCEDAR-006,
AWS Verified Permissions / Cedar,B09,2,2,AWSCEDAR-010;AWSCEDAR-033,
AWS Verified Permissions / Cedar,B10,1,1,AWSCEDAR-012;AWSCEDAR-013;AWSCEDAR-024,
AWS Verified Permissions / Cedar,C01,1,1,AWSCEDAR-003;AWSCEDAR-007,
AWS Verified Permissions / Cedar,C02,1,1,AWSCEDAR-007,
AWS Verified Permissions / Cedar,C03,1,1,AWSCEDAR-007;AWSCEDAR-009,
AWS Verified Permissions / Cedar,C04,2,2,AWSCEDAR-034;AWSCEDAR-007,
AWS Verified Permissions / Cedar,C05,0,0,AWSCEDAR-022;AWSCEDAR-023;AWSCEDAR-024,
AWS Verified Permissions / Cedar,C06,0,0,AWSCEDAR-024;AWSCEDAR-043,
AWS Verified Permissions / Cedar,C07,2,2,AWSCEDAR-033;AWSCEDAR-010,
AWS Verified Permissions / Cedar,C08,0,0,AWSCEDAR-024;AWSCEDAR-022,
AWS Verified Permissions / Cedar,C09,1,1,AWSCEDAR-007,
AWS Verified Permissions / Cedar,C10,0,0,AWSCEDAR-024;AWSCEDAR-043,
AWS Verified Permissions / Cedar,D01,1,1,AWSCEDAR-012;AWSCEDAR-013,
AWS Verified Permissions / Cedar,D02,2,2,AWSCEDAR-012,
AWS Verified Permissions / Cedar,D03,1,1,AWSCEDAR-002;AWSCEDAR-013;AWSCEDAR-023,
AWS Verified Permissions / Cedar,D04,2,2,AWSCEDAR-012;AWSCEDAR-013,
AWS Verified Permissions / Cedar,D05,1,1,AWSCEDAR-040;AWSCEDAR-012,
AWS Verified Permissions / Cedar,D06,1,1,AWSCEDAR-012;AWSCEDAR-022;AWSCEDAR-023,
AWS Verified Permissions / Cedar,D07,1,1,AWSCEDAR-012;AWSCEDAR-038,
AWS Verified Permissions / Cedar,D08,1,1,AWSCEDAR-012;AWSCEDAR-038,
AWS Verified Permissions / Cedar,D09,2,2,AWSCEDAR-038,
AWS Verified Permissions / Cedar,D10,2,2,AWSCEDAR-039;AWSCEDAR-040;AWSCEDAR-020,
AWS Verified Permissions / Cedar,E01,0,0,AWSCEDAR-001,
AWS Verified Permissions / Cedar,E02,0,0,AWSCEDAR-001,
AWS Verified Permissions / Cedar,E03,0,0,AWSCEDAR-001,
AWS Verified Permissions / Cedar,E04,1,0,AWSCEDAR-003;AWSCEDAR-007,"evaluating caller-supplied ipaddr is B06 expressiveness, not geolocation; parity with OPA/Cerbos E04=0"
AWS Verified Permissions / Cedar,E05,0,0,AWSCEDAR-001;AWSCEDAR-022,
AWS Verified Permissions / Cedar,E06,0,0,AWSCEDAR-001;AWSCEDAR-022,
AWS Verified Permissions / Cedar,E07,0,0,AWSCEDAR-001;AWSCEDAR-024,
AWS Verified Permissions / Cedar,E08,0,0,AWSCEDAR-001;AWSCEDAR-024,
AWS Verified Permissions / Cedar,E09,0,0,AWSCEDAR-024,
AWS Verified Permissions / Cedar,E10,0,0,AWSCEDAR-022,
AWS Verified Permissions / Cedar,F01,0,0,AWSCEDAR-001;AWSCEDAR-024,
AWS Verified Permissions / Cedar,F02,0,0,AWSCEDAR-001;AWSCEDAR-024,
AWS Verified Permissions / Cedar,F03,0,0,AWSCEDAR-001;AWSCEDAR-024,
AWS Verified Permissions / Cedar,F04,0,0,AWSCEDAR-001;AWSCEDAR-024,
AWS Verified Permissions / Cedar,F05,0,0,AWSCEDAR-001;AWSCEDAR-024,
AWS Verified Permissions / Cedar,F06,0,0,AWSCEDAR-001;AWSCEDAR-024,
AWS Verified Permissions / Cedar,F07,0,1,AWSCEDAR-001;AWSCEDAR-024,redemption-eligibility rules over caller-supplied facts are evaluable like any Cedar policy; parity with OPA/Cerbos/Permit F07=1
AWS Verified Permissions / Cedar,F08,0,0,AWSCEDAR-001;AWSCEDAR-024,
AWS Verified Permissions / Cedar,F09,0,0,AWSCEDAR-001;AWSCEDAR-024,
AWS Verified Permissions / Cedar,F10,0,0,AWSCEDAR-001;AWSCEDAR-024,
AWS Verified Permissions / Cedar,G01,3,3,AWSCEDAR-021;AWSCEDAR-011;AWSCEDAR-022,
AWS Verified Permissions / Cedar,G02,3,3,AWSCEDAR-004;AWSCEDAR-024,
AWS Verified Permissions / Cedar,G03,3,3,AWSCEDAR-029;AWSCEDAR-001,
AWS Verified Permissions / Cedar,G04,0,0,AWSCEDAR-024;AWSCEDAR-022,
AWS Verified Permissions / Cedar,G05,2,2,AWSCEDAR-021;AWSCEDAR-025;AWSCEDAR-022,
AWS Verified Permissions / Cedar,G06,3,3,AWSCEDAR-009;AWSCEDAR-010;AWSCEDAR-033,
AWS Verified Permissions / Cedar,G07,2,2,AWSCEDAR-040;AWSCEDAR-026;AWSCEDAR-023;AWSCEDAR-025,
AWS Verified Permissions / Cedar,G08,1,1,AWSCEDAR-037,
AWS Verified Permissions / Cedar,G09,3,3,AWSCEDAR-016,
AWS Verified Permissions / Cedar,G10,4,4,AWSCEDAR-017;AWSCEDAR-018;AWSCEDAR-019,
AWS Verified Permissions / Cedar,H01,4,4,AWSCEDAR-024;AWSCEDAR-027,
AWS Verified Permissions / Cedar,H02,4,4,AWSCEDAR-027,
AWS Verified Permissions / Cedar,H03,1,1,AWSCEDAR-037,
AWS Verified Permissions / Cedar,H04,2,2,AWSCEDAR-010;AWSCEDAR-014,
AWS Verified Permissions / Cedar,H05,3,3,AWSCEDAR-027;AWSCEDAR-042,
AWS Verified Permissions / Cedar,H06,3,3,AWSCEDAR-012,
AWS Verified Permissions / Cedar,H07,4,4,AWSCEDAR-011,
AWS Verified Permissions / Cedar,H08,2,2,AWSCEDAR-012;AWSCEDAR-039,
AWS Verified Permissions / Cedar,H09,3,3,AWSCEDAR-024,
AWS Verified Permissions / Cedar,H10,4,4,AWSCEDAR-025,
AWS Verified Permissions / Cedar,I01,1,1,AWSCEDAR-043;AWSCEDAR-020,
AWS Verified Permissions / Cedar,I02,4,4,AWSCEDAR-043;AWSCEDAR-020;AWSCEDAR-001,
AWS Verified Permissions / Cedar,I03,0,0,AWSCEDAR-043,
AWS Verified Permissions / Cedar,I04,1,1,AWSCEDAR-043,
AWS Verified Permissions / Cedar,I05,3,3,AWSCEDAR-020;AWSCEDAR-019,
AWS Verified Permissions / Cedar,I06,4,4,AWSCEDAR-014;AWSCEDAR-001,
AWS Verified Permissions / Cedar,I07,1,1,AWSCEDAR-043;AWSCEDAR-022,
AWS Verified Permissions / Cedar,I08,2,2,AWSCEDAR-030;AWSCEDAR-028,
AWS Verified Permissions / Cedar,I09,2,2,AWSCEDAR-022;AWSCEDAR-028,
AWS Verified Permissions / Cedar,I10,4,4,AWSCEDAR-014;AWSCEDAR-015,
AWS Verified Permissions / Cedar,J01,1,1,AWSCEDAR-001;AWSCEDAR-007,
AWS Verified Permissions / Cedar,J02,0,1,AWSCEDAR-022;AWSCEDAR-024,documented IaC deployment rails (CFn/Terraform/CDK) equivalent to OPA git-to-bundle rails scored J02=1; nothing legal-specific in either
AWS Verified Permissions / Cedar,J03,0,0,AWSCEDAR-024,
AWS Verified Permissions / Cedar,J04,1,1,AWSCEDAR-033,
AWS Verified Permissions / Cedar,J05,2,2,AWSCEDAR-001;AWSCEDAR-021,
AWS Verified Permissions / Cedar,J06,0,0,AWSCEDAR-022,
AWS Verified Permissions / Cedar,J07,1,1,AWSCEDAR-012;AWSCEDAR-013;AWSCEDAR-023,
AWS Verified Permissions / Cedar,J08,1,1,AWSCEDAR-002;AWSCEDAR-012,
AWS Verified Permissions / Cedar,J09,1,1,AWSCEDAR-008;AWSCEDAR-024,
AWS Verified Permissions / Cedar,J10,1,1,AWSCEDAR-001;AWSCEDAR-022;AWSCEDAR-024,
Cerbos,A01,0,0,CERBOS-008;CERBOS-039,
Cerbos,A02,0,0,CERBOS-008;CERBOS-039,
Cerbos,A03,0,0,CERBOS-008;CERBOS-039,
Cerbos,A04,0,0,CERBOS-008;CERBOS-039,
Cerbos,A05,0,0,CERBOS-008;CERBOS-039,
Cerbos,A06,0,0,CERBOS-008;CERBOS-039,
Cerbos,A07,0,0,CERBOS-008;CERBOS-039,
Cerbos,A08,0,0,CERBOS-008;CERBOS-039,
Cerbos,A09,0,0,CERBOS-008;CERBOS-039,
Cerbos,A10,0,0,CERBOS-008;CERBOS-039,
Cerbos,B01,4,4,CERBOS-002,
Cerbos,B02,4,4,CERBOS-002,
Cerbos,B03,3,3,CERBOS-003;CERBOS-020;CERBOS-028,
Cerbos,B04,2,2,CERBOS-004;CERBOS-005,
Cerbos,B05,3,3,CERBOS-005;CERBOS-002,
Cerbos,B06,4,4,CERBOS-006;CERBOS-035,
Cerbos,B07,2,2,CERBOS-030;CERBOS-006,
Cerbos,B08,3,3,CERBOS-034;CERBOS-009,
Cerbos,B09,3,3,CERBOS-017;CERBOS-037,
Cerbos,B10,2,2,CERBOS-011;CERBOS-012;CERBOS-016,
Cerbos,C01,2,2,CERBOS-009,
Cerbos,C02,1,1,CERBOS-008,
Cerbos,C03,1,1,CERBOS-002;CERBOS-008,
Cerbos,C04,2,2,CERBOS-010;CERBOS-042,
Cerbos,C05,4,4,CERBOS-007;CERBOS-015;CERBOS-016,
Cerbos,C06,0,0,CERBOS-039,
Cerbos,C07,2,1,CERBOS-017;CERBOS-018,"cited evidence is tests+staging only, same class as OPA C07=1; no diff/replay impact tooling; report's own weaknesses section concedes absence"
Cerbos,C08,1,1,CERBOS-019;CERBOS-041,
Cerbos,C09,0,0,CERBOS-040,
Cerbos,C10,0,0,CERBOS-039,
Cerbos,D01,3,3,CERBOS-011;CERBOS-002,
Cerbos,D02,4,4,CERBOS-011;CERBOS-014,
Cerbos,D03,4,4,CERBOS-012;CERBOS-014;CERBOS-016,
Cerbos,D04,4,4,CERBOS-011;CERBOS-013;CERBOS-014,
Cerbos,D05,1,1,CERBOS-019;CERBOS-041,
Cerbos,D06,3,3,CERBOS-012;CERBOS-015;CERBOS-016,
Cerbos,D07,2,2,CERBOS-014,
Cerbos,D08,3,3,CERBOS-011;CERBOS-014;CERBOS-026,
Cerbos,D09,2,1,CERBOS-018;CERBOS-014;CERBOS-015,bundle signing covers distribution only; no audit-log tamper-evidence documented (report Sec.7); parity with OPA D09=1; Cedar keeps 2 for CloudTrail digest chains
Cerbos,D10,3,3,CERBOS-014;CERBOS-023;CERBOS-025,
Cerbos,E01,0,0,CERBOS-030,
Cerbos,E02,0,0,CERBOS-006,
Cerbos,E03,0,0,,
Cerbos,E04,0,0,CERBOS-006,
Cerbos,E05,0,0,,
Cerbos,E06,0,0,,
Cerbos,E07,0,0,,
Cerbos,E08,0,0,,
Cerbos,E09,0,0,,
Cerbos,E10,2,2,CERBOS-030,
Cerbos,F01,0,0,,
Cerbos,F02,0,0,,
Cerbos,F03,0,0,,
Cerbos,F04,0,0,,
Cerbos,F05,0,0,,
Cerbos,F06,0,0,,
Cerbos,F07,1,1,CERBOS-002,
Cerbos,F08,0,0,,
Cerbos,F09,0,0,,
Cerbos,F10,1,1,CERBOS-030,
Cerbos,G01,3,3,CERBOS-009;CERBOS-015;CERBOS-039,
Cerbos,G02,3,3,CERBOS-025,
Cerbos,G03,2,2,CERBOS-026,
Cerbos,G04,2,1,CERBOS-019;CERBOS-041,no Hub-native approval workflow (CERBOS-041); approvals are external git PRs; Permit keeps 2 for in-product Elements approval flows
Cerbos,G05,3,3,CERBOS-007;CERBOS-016,
Cerbos,G06,4,4,CERBOS-017;CERBOS-018;CERBOS-037,
Cerbos,G07,3,3,CERBOS-015;CERBOS-016;CERBOS-018,
Cerbos,G08,?,1,,resolved: Kafka audit streaming is a documented push channel; no webhook feature documented in PDP or Hub docs
Cerbos,G09,2,2,CERBOS-026,
Cerbos,G10,3,3,CERBOS-027;CERBOS-026,
Cerbos,H01,4,4,CERBOS-002;CERBOS-021;CERBOS-036,
Cerbos,H02,4,4,CERBOS-022,
Cerbos,H03,?,1,,resolved: same basis as G08
Cerbos,H04,3,3,CERBOS-037;CERBOS-026,
Cerbos,H05,2,2,CERBOS-040;CERBOS-002,
Cerbos,H06,2,2,CERBOS-023;CERBOS-002,
Cerbos,H07,2,2,CERBOS-002;CERBOS-026,
Cerbos,H08,3,3,CERBOS-031;CERBOS-011;CERBOS-016,
Cerbos,H09,3,3,CERBOS-019;CERBOS-023;CERBOS-024,
Cerbos,H10,3,3,CERBOS-043;CERBOS-024,
Cerbos,I01,1,1,CERBOS-039;CERBOS-028,
Cerbos,I02,4,4,CERBOS-001;CERBOS-028;CERBOS-032,
Cerbos,I03,0,0,,
Cerbos,I04,1,1,CERBOS-001,
Cerbos,I05,3,3,CERBOS-028;CERBOS-029,
Cerbos,I06,3,3,CERBOS-026;CERBOS-032,
Cerbos,I07,1,1,CERBOS-026;CERBOS-029,
Cerbos,I08,2,2,CERBOS-021;CERBOS-032,
Cerbos,I09,2,2,CERBOS-022;CERBOS-036,
Cerbos,I10,3,3,CERBOS-026,
Cerbos,J01,2,2,CERBOS-007;CERBOS-009;CERBOS-010,
Cerbos,J02,2,2,CERBOS-018;CERBOS-015;CERBOS-019,
Cerbos,J03,1,1,CERBOS-019;CERBOS-041,
Cerbos,J04,1,1,CERBOS-017;CERBOS-018,
Cerbos,J05,3,3,CERBOS-002;CERBOS-028;CERBOS-038,
Cerbos,J06,2,1,CERBOS-030,"Synapse verified as attribute enrichment only, no risk-vendor signal normalization, maturity unconfirmed; parity with Permit OPAL-based J06=1"
Cerbos,J07,3,3,CERBOS-011;CERBOS-012;CERBOS-014;CERBOS-016,
Cerbos,J08,2,2,CERBOS-012;CERBOS-014;CERBOS-015,
Cerbos,J09,1,1,CERBOS-037;CERBOS-039,
Cerbos,J10,3,2,CERBOS-015;CERBOS-018;CERBOS-016,strong generic control plane but zero regulatory lifecycle semantics (counsel/effective-dating/content); mechanism-only ceiling of 2 applied uniformly (Permit/OPA=2)
Permit.io,A01,0,0,PERMITIO-040,
Permit.io,A02,0,0,PERMITIO-040,
Permit.io,A03,0,0,PERMITIO-040,
Permit.io,A04,0,0,PERMITIO-040,
Permit.io,A05,0,0,PERMITIO-040,
Permit.io,A06,0,0,PERMITIO-040,
Permit.io,A07,0,0,PERMITIO-040,
Permit.io,A08,0,0,PERMITIO-040,
Permit.io,A09,0,0,PERMITIO-040,
Permit.io,A10,0,0,PERMITIO-040,
Permit.io,B01,4,4,PERMITIO-002;PERMITIO-022,
Permit.io,B02,4,4,PERMITIO-002;PERMITIO-004,
Permit.io,B03,4,3,PERMITIO-004;PERMITIO-005,vendor-published p95 figures without independent corroboration; same architecture/evidence class as Cerbos B03=3; OPA 4 anchored by perf docs + extreme-scale adopters
Permit.io,B04,2,2,PERMITIO-002;PERMITIO-018,
Permit.io,B05,2,2,PERMITIO-013;PERMITIO-002,
Permit.io,B06,4,4,PERMITIO-003;PERMITIO-041,
Permit.io,B07,3,3,PERMITIO-030;PERMITIO-011,
Permit.io,B08,1,1,PERMITIO-039;PERMITIO-033,
Permit.io,B09,2,2,PERMITIO-016;PERMITIO-017,
Permit.io,B10,3,3,PERMITIO-015,
Permit.io,C01,2,2,PERMITIO-007;PERMITIO-041,
Permit.io,C02,1,1,PERMITIO-009,
Permit.io,C03,1,1,PERMITIO-009;PERMITIO-002,
Permit.io,C04,2,2,PERMITIO-008;PERMITIO-041,
Permit.io,C05,3,3,PERMITIO-012,
Permit.io,C06,0,0,PERMITIO-040,
Permit.io,C07,2,2,PERMITIO-015;PERMITIO-017,
Permit.io,C08,1,1,PERMITIO-012;PERMITIO-020,
Permit.io,C09,0,0,PERMITIO-040,
Permit.io,C10,0,0,PERMITIO-040;PERMITIO-042,
Permit.io,D01,2,2,PERMITIO-013,
Permit.io,D02,4,4,PERMITIO-013,
Permit.io,D03,2,2,PERMITIO-014;PERMITIO-012,
Permit.io,D04,3,3,PERMITIO-013;PERMITIO-014,
Permit.io,D05,2,2,PERMITIO-018;PERMITIO-043,
Permit.io,D06,2,2,PERMITIO-015;PERMITIO-014,
Permit.io,D07,2,2,PERMITIO-013;PERMITIO-037,
Permit.io,D08,2,2,PERMITIO-013;PERMITIO-027,
Permit.io,D09,?,?,,
Permit.io,D10,3,3,PERMITIO-013;PERMITIO-019;PERMITIO-037,
Permit.io,E01,0,0,PERMITIO-031,
Permit.io,E02,1,0,PERMITIO-041;PERMITIO-031,age-conditioned enforcement over supplied attributes is not age verification; parity with OPA/Cerbos E02=0
Permit.io,E03,0,0,PERMITIO-031;PERMITIO-040,
Permit.io,E04,1,0,PERMITIO-007;PERMITIO-031,location-attribute evaluation is not geolocation; parity with OPA/Cerbos E04=0
Permit.io,E05,0,0,PERMITIO-031;PERMITIO-040,
Permit.io,E06,0,0,PERMITIO-031;PERMITIO-040,
Permit.io,E07,0,0,PERMITIO-031;PERMITIO-040,
Permit.io,E08,0,0,PERMITIO-031;PERMITIO-040,
Permit.io,E09,1,1,PERMITIO-018;PERMITIO-043,
Permit.io,E10,1,1,PERMITIO-030;PERMITIO-006,
Permit.io,F01,0,0,PERMITIO-040,
Permit.io,F02,0,0,PERMITIO-040,
Permit.io,F03,0,0,PERMITIO-040,
Permit.io,F04,0,0,PERMITIO-040,
Permit.io,F05,0,0,PERMITIO-040,
Permit.io,F06,0,0,PERMITIO-040,
Permit.io,F07,1,1,PERMITIO-002;PERMITIO-010,
Permit.io,F08,0,0,PERMITIO-040,
Permit.io,F09,0,0,PERMITIO-040,
Permit.io,F10,1,1,PERMITIO-006;PERMITIO-030,
Permit.io,G01,4,4,PERMITIO-011;PERMITIO-002;PERMITIO-027,
Permit.io,G02,3,3,PERMITIO-020,
Permit.io,G03,3,2,PERMITIO-027,SSO is an Enterprise pricing line item without implementation docs; parity with Cerbos G03=2; Cedar keeps 3 (documented platform SSO)
Permit.io,G04,2,2,PERMITIO-018;PERMITIO-012,
Permit.io,G05,4,4,PERMITIO-011;PERMITIO-017,
Permit.io,G06,3,3,PERMITIO-016;PERMITIO-015,
Permit.io,G07,3,3,PERMITIO-012;PERMITIO-017;PERMITIO-021,
Permit.io,G08,2,2,PERMITIO-036,
Permit.io,G09,3,2,PERMITIO-027,"'custom SLA options incl. 99.99%' is a pricing-page mention, no published SLA doc; parity with Cerbos G09=2; Cedar keeps 3 (published SLA)"
Permit.io,G10,3,3,PERMITIO-026,
Permit.io,H01,4,4,PERMITIO-022,
Permit.io,H02,4,4,PERMITIO-024,
Permit.io,H03,2,2,PERMITIO-036,
Permit.io,H04,3,3,PERMITIO-011;PERMITIO-027,
Permit.io,H05,3,3,PERMITIO-022,
Permit.io,H06,?,2,,"resolved: decision path is a stateless, inherently idempotent read (same reasoning as OPA/Cerbos H06=2); no key mechanism documented"
Permit.io,H07,3,3,PERMITIO-022;PERMITIO-023,
Permit.io,H08,3,3,PERMITIO-037;PERMITIO-014,
Permit.io,H09,4,4,PERMITIO-012;PERMITIO-025,
Permit.io,H10,3,3,PERMITIO-025;PERMITIO-012,
Permit.io,I01,1,1,PERMITIO-026;PERMITIO-028,
Permit.io,I02,4,4,PERMITIO-001;PERMITIO-024;PERMITIO-022,
Permit.io,I03,0,0,PERMITIO-040,
Permit.io,I04,1,1,PERMITIO-018;PERMITIO-035,
Permit.io,I05,3,3,PERMITIO-028;PERMITIO-029,
Permit.io,I06,4,4,PERMITIO-027;PERMITIO-044,
Permit.io,I07,1,1,PERMITIO-027,
Permit.io,I08,2,2,PERMITIO-006;PERMITIO-012,
Permit.io,I09,2,2,PERMITIO-028;PERMITIO-002,
Permit.io,I10,3,3,PERMITIO-027;PERMITIO-044,
Permit.io,J01,2,2,PERMITIO-009;PERMITIO-012;PERMITIO-007,
Permit.io,J02,2,2,PERMITIO-017;PERMITIO-012,
Permit.io,J03,1,1,PERMITIO-020;PERMITIO-012,
Permit.io,J04,2,2,PERMITIO-015,
Permit.io,J05,4,3,PERMITIO-002;PERMITIO-004;PERMITIO-011,"core product but boolean-only contract, review only via Elements pattern, no regulated-action semantics; parity with OPA/Cerbos J05=3"
Permit.io,J06,1,1,PERMITIO-003;PERMITIO-030,
Permit.io,J07,2,2,PERMITIO-013;PERMITIO-014,
Permit.io,J08,2,2,PERMITIO-015;PERMITIO-012,
Permit.io,J09,1,1,PERMITIO-042,
Permit.io,J10,2,2,PERMITIO-011;PERMITIO-012;PERMITIO-017;PERMITIO-021,
